0.301,8613.137,-5669.354,5005.4106,411.3065,2815.769,3370.3613,5568.9883,3635.725,-1084.0753,-454.85916,337.00714,-3203.0718,-3224.5054,4322.657,-2903.2021
0.302,8611.91,-5670.5483,5004.872,413.23126,2814.3093,3371.9824,5568.9966,3635.8186,-1084.9813,-457.20438,337.3326,-3203.699,-3223.045,4323.143,-2897.955
0.303,8610.684,-5671.743,5004.3335,415.15625,2812.849,3373.6025,5569.0054,3635.9116,-1085.8876,-459.55023,337.65793,-3204.3267,-3221.5837,4323.6265,-2892.7107
0.304,8609.457,-5672.9375,5003.795,417.08157,2811.3896,3375.2231,5569.014,3636.005,-1086.7933,-461.89545,337.9832,-3204.9543,-3220.1226,4324.1104,-2887.4653
0.305,8608.2295,-5674.1313,5003.2554,419.00616,2809.93,3376.844,5569.0234,3636.0981,-1087.6995,-464.2408,338.30875,-3205.5815,-3218.6616,4324.5957,-2882.2212
0.306,8607.004,-5675.326,5002.718,420.93115,2808.4702,3378.464,5569.032,3636.1914,-1088.6055,-466.58514,338.6341,-3206.2097,-3217.2004,4325.0786,-2876.976
0.307,8605.777,-5676.5205,5002.179,422.85577,2807.0105,3380.0847,5569.041,3636.2844,-1089.5114,-468.93005,338.95953,-3206.8374,-3215.7395,4325.5625,-2871.7317
0.308,8604.551,-5677.7144,5001.64,424.78003,2805.5513,3381.7048,5569.0503,3636.3777,-1090.417,-471.27515,339.28497,-3207.465,-3214.278,4326.046,-2866.4893
0.309,8603.325,-5678.9087,5001.1016,426.70428,2804.0916,3383.3247,5569.059,3636.4705,-1091.3228,-473.61932,339.61035,-3208.0925,-3212.818,4326.53,-2861.2454
0.31,8602.099,-5680.1025,5000.564,428.6289,2802.6323,3384.9446,5569.067,3636.5637,-1092.2284,-475.96347,339.93558,-3208.7202,-3211.3572,4327.013,-2856.002
0.311,8600.872,-5681.297,5000.0254,430.55298,2801.1726,3386.5645,5569.0757,3636.657,-1093.1343,-478.30826,340.26126,-3209.3484,-3209.8965,4327.497,-2850.759
0.312,8599.6455,-5682.4907,4999.487,432.4769,2799.7136,3388.1843,5569.085,3636.7502,-1094.0399,-480.6521,340.58646,-3209.975,-3208.4355,4327.981,-2845.516
0.313,8598.42,-5683.684,4998.948,434.40063,2798.255,3389.8037,5569.0938,3636.8433,-1094.9452,-482.99582,340.9121,-3210.6025,-3206.976,4328.465,-2840.275
0.314,8597.194,-5684.8784,4998.41,436.3242,2796.796,3391.4233,5569.103,3636.9365,-1095.8506,-485.33984,341.23724,-3211.23,-3205.5151,4328.9487,-2835.0332
0.315,8595.968,-5686.072,4997.8716,438.24774,2795.3367,3393.0427,5569.1104,3637.0295,-1096.7557,-487.6834,341.56232,-3211.8574,-3204.055,4329.4316,-2829.793
0.316,8594.741,-5687.2656,4997.333,440.17148,2793.8782,3394.662,5569.1196,3637.123,-1097.6614,-490.0274,341.88782,-3212.4849,-3202.5955,4329.9155,-2824.5505
0.317,8593.516,-5688.459,4996.795,442.09485,2792.4197,3396.2815,5569.1284,3637.2163,-1098.5667,-492.3702,342.21338,-3213.1123,-3201.1348,4330.3984,-2819.3105
0.318,8592.291,-5689.653,4996.2563,444.01825,2790.961,3397.9001,5569.137,3637.309,-1099.4717,-494.71347,342.53873,-3213.7395,-3199.674,4330.883,-2814.0708
0.319,8591.064,-5690.846,4995.7188,445.94125,2789.5024,3399.5193,5569.1455,3637.4023,-1100.3771,-497.05658,342.86398,-3214.3667,-3198.214,4331.365,-2808.8306
0.32,8589.838,-5692.0396,4995.18,447.86447,2788.0442,3401.1377,5569.154,3637.4954,-1101.2819,-499.3997,343.18942,-3214.994,-3196.7542,4331.8486,-2803.5916
0.321,8588.613,-5693.2324,4994.6426,449.78732,2786.5867,3402.7566,5569.1626,3637.589,-1102.1871,-501.74203,343.5145,-3215.621,-3195.2942,4332.3325,-2798.3516
0.322,8587.388,-5694.426,4994.104,451.71,2785.128,3404.3752,5569.1704,3637.6821,-1103.0919,-504.085,343.84,-3216.2483,-3193.8342,4332.8145,-2793.1143
0.323,8586.163,-5695.619,4993.566,453.63266,2783.6702,3405.994,5569.1807,3637.7756,-1103.997,-506.4272,344.16528,-3216.8755,-3192.3752,4333.299,-2787.8752
0.324,8584.937,-5696.8125,4993.028,455.55515,2782.2114,3407.6125,5569.1885,3637.8684,-1104.9017,-508.76938,344.49054,-3217.5032,-3190.915,4333.781,-2782.6372
0.325,8583.712,-5698.0054,4992.4897,457.4773,2780.7542,3409.2305,5569.1973,3637.9614,-1105.8064,-511.11157,344.81586,-3218.1296,-3189.4556,4334.263,-2777.3997
0.326,8582.485,-5699.1987,4991.951,459.39978,2779.2961,3410.8486,5569.2056,3638.0552,-1106.7113,-513.4536,345.141,-3218.7563,-3187.9963,4334.747,-2772.1624
0.327,8581.261,-5700.3916,4991.4136,461.3216,2777.8381,3412.467,5569.2144,3638.148,-1107.616,-515.79535,345.4665,-3219.3838,-3186.5369,4335.23,-2766.9263
0.328,8580.036,-5701.584,4990.8755,463.2437,2776.3809,3414.0847,5569.223,3638.2412,-1108.5205,-518.1368,345.79184,-3220.0112,-3185.0774,4335.712,-2761.69
0.329,8578.812,-5702.777,4990.338,465.16553,2774.9236,3415.7021,5569.231,3638.3347,-1109.4253,-520.4781,346.1171,-3220.638,-3183.6182,4336.194,-2756.4536
0.33,8577.586,-5703.97,4989.8,467.0875,2773.466,3417.3206,5569.2397,3638.428,-1110.3297,-522.8201,346.4424,-3221.265,-3182.159,4336.6787,-2751.2183
0.331,8576.36,-5705.1626,4989.2617,469.0091,2772.0088,3418.938,5569.2476,3638.521,-1111.2339,-525.16046,346.76767,-3221.8916,-3180.7004,4337.161,-2745.9832
0.332,8575.137,-5706.3555,4988.724,470.93054,2770.551,3420.5552,5569.2563,3638.6145,-1112.1382,-527.5022,347.09317,-3222.5183,-3179.2407,4337.644,-2740.7483
0.333,8573.911,-5707.548,4988.186,472.85162,2769.094,3422.1726,5569.2637,3638.7078,-1113.0425,-529.8426,347.41812,-3223.1455,-3177.7822,4338.126,-2735.514
0.334,8572.687,-5708.74,4987.6484,474.7734,2767.6372,3423.79,5569.273,3638.801,-1113.9468,-532.1837,347.7439,-3223.7727,-3176.3232,4338.6094,-2730.279
0.335,8571.461,-5709.9326,4987.1104,476.6938,2766.18,3425.4072,5569.2817,3638.8943,-1114.851,-534.524,348.06903,-3224.3992,-3174.8647,4339.0913,-2725.0466
0.336,8570.237,-5711.125,4986.5728,478.6152,2764.7231,3427.024,5569.289,3638.987,-1115.7551,-536.8646,348.3941,-3225.026,-3173.4055,4339.5737,-2719.8127
0.337,8569.013,-5712.3174,4986.034,480.53595,2763.2664,3428.641,5569.2974,3639.0806,-1116.6593,-539.20483,348.71973,-3225.653,-3171.947,4340.0557,-2714.5793
0.338,8567.788,-5713.51,4985.4966,482.45667,2761.81,3430.2578,5569.3057,3639.1743,-1117.5631,-541.5449,349.04468,-3226.279,-3170.4885,4340.538,-2709.347
0.339,8566.5625,-5714.702,4984.959,484.3774,2760.3533,3431.8745,5569.315,3639.267,-1118.467,-543.8847,349.37027,-3226.906,-3169.03,4341.0205,-2704.1152
0.34,8565.339,-5715.894,4984.4214,486.29742,2758.8972,3433.491,5569.3223,3639.3608,-1119.371,-546.224,349.6954,-3227.5332,-3167.5718,4341.503,-2698.8828
0.341,8564.114,-5717.086,4983.8843,488.2178,2757.441,3435.1074,5569.331,3639.4536,-1120.2747,-548.56396,350.0206,-3228.159,-3166.114,4341.985,-2693.652
0.342,8562.891,-5718.278,4983.346,490.13782,2755.9841,3436.7236,5569.338,3639.5466,-1121.1782,-550.9037,350.34567,-3228.786,-3164.656,4342.467,-2688.42
0.343,8561.666,-5719.4697,4982.8086,492.05786,2754.5286,3438.3398,5569.3477,3639.64,-1122.082,-553.24255,350.67093,-3229.4124,-3163.1978,4342.9497,-2683.1907
0.344,8560.442,-5720.6616,4982.271,493.97787,2753.0723,3439.9558,5569.354,3639.7334,-1122.9857,-555.5814,350.9962,-3230.0386,-3161.7402,4343.4307,-2677.9597
0.345,8559.218,-5721.853,4981.7334,495.8979,2751.6165,3441.572,5569.3633,3639.8264,-1123.889,-557.9206,351.32138,-3230.6655,-3160.2817,4343.913,-2672.7307
0.346,8557.994,-5723.045,4981.1963,497.8172,2750.1606,3443.1877,5569.3716,3639.9204,-1124.7925,-560.25946,351.64676,-3231.2915,-3158.8235,4344.3945,-2667.5012
0.347,8556.77,-5724.237,4980.6587,499.73688,2748.7046,3444.8037,5569.38,3640.013,-1125.6962,-562.59784,351.97208,-3231.9182,-3157.3665,4344.876,-2662.2722
0.348,8555.546,-5725.428,4980.1216,501.65604,2747.2493,3446.4192,5569.3867,3640.107,-1126.5995,-564.9363,352.2976,-3232.545,-3155.9087,4345.3584,-2657.044
0.349,8554.322,-5726.6196,4979.583,503.57516,2745.7932,3448.035,5569.395,3640.1997,-1127.5024,-567.27405,352.6223,-3233.171,-3154.4512,4345.841,-2651.8152
0.35,8553.099,-5727.811,4979.0464,505.4943,2744.3381,3449.6497,5569.4033,3640.2935,-1128.4056,-569.6126,352.94794,-3233.7974,-3152.9934,4346.3223,-2646.5886
0.351,8551.875,-5729.0024,4978.5083,507.4131,2742.8828,3451.265,5569.4116,3640.3862,-1129.309,-571.9504,353.2729,-3234.4236,-3151.5366,4346.803,-2641.3606
0.352,8550.651,-5730.1934,4977.971,509.33224,2741.4275,3452.8806,5569.42,3640.48,-1130.2122,-574.2885,353.5985,-3235.0498,-3150.0793,4347.2856,-2636.1338
0.353,8549.428,-5731.385,4977.4346,511.25067,2739.9727,3454.4954,5569.4272,3640.573,-1131.1147,-576.62537,353.92322,-3235.6758,-3148.6218,4347.766,-2630.9077
0.354,8548.204,-5732.5767,4976.897,513.16895,2738.5176,3456.1099,5569.435,3640.6663,-1132.018,-578.9627,354.24884,-3236.3025,-3147.1643,4348.2485,-2625.6812
0.355,8546.98,-5733.767,4976.3594,515.08716,2737.0625,3457.7246,5569.444,3640.7595,-1132.9208,-581.2999,354.5738,-3236.9285,-3145.708,4348.73,-2620.4565
0.356,8545.758,-5734.958,4975.8223,517.0058,2735.608,3459.339,5569.4517,3640.853,-1133.8234,-583.6377,354.89905,-3237.5547,-3144.251,4349.2114,-2615.2307
0.357,8544.534,-5736.1494,4975.285,518.9241,2734.153,3460.9539,5569.459,3640.9463,-1134.7262,-585.9743,355.22427,-3238.1807,-3142.7935,4349.6924,-2610.006
0.358,8543.312,-5737.34,4974.7485,520.8418,2732.6987,3462.568,5569.4673,3641.0398,-1135.6289,-588.3115,355.5492,-3238.8062,-3141.3367,4350.1733,-2604.781
0.359,8542.088,-5738.531,4974.211,522.75916,2731.2444,3464.1824,5569.4756,3641.1328,-1136.5315,-590.64746,355.87433,-3239.4329,-3139.8806,4350.655,-2599.5574
0.36,8540.864,-5739.7207,4973.6733,524.6774,2729.7898,3465.7964,5569.483,3641.2263,-1137.4341,-592.9839,356.19962,-3240.0583,-3138.4233,4351.1353,-2594.3337
0.361,8539.642,-5740.912,4973.136,526.595,2728.3352,3467.4104,5569.4907,3641.3198,-1138.3364,-595.3202,356.52512,-3240.685,-3136.9668,4351.617,-2589.1113
0.362,8538.419,-5742.1025,4972.599,528.5115,2726.881,3469.0242,5569.498,3641.413,-1139.2386,-597.6556,356.85025,-3241.3105,-3135.5103,4352.0977,-2583.8887
0.363,8537.196,-5743.293,4972.0625,530.4297,2725.4272,3470.638,5569.5063,3641.506,-1140.1412,-599.9918,357.17545,-3241.9365,-3134.0542,4352.578,-2578.6655
0.364,8535.973,-5744.4834,4971.5254,532.34674,2723.9731,3472.2515,5569.5137,3641.5996,-1141.0435,-602.32764,357.50064,-3242.5625,-3132.598,4353.059,-2573.4436
0.365,8534.75,-5745.6743,4970.9883,534.26355,2722.519,3473.865,5569.521,3641.693,-1141.9454,-604.663,357.82565,-3243.1882,-3131.142,4353.5405,-2568.2222
0.366,8533.527,-5746.8643,4970.4517,536.18024,2721.0657,3475.478,5569.529,3641.7866,-1142.8477,-606.9984,358.15054,-3243.814,-3129.6853,4354.021,-2563.0017
0.367,8532.306,-5748.054,4969.9146,538.09705,2719.6118,3477.0913,5569.536,3641.88,-1143.7498,-609.3332,358.47623,-3244.4397,-3128.2297,4354.502,-2557.781
0.368,8531.083,-5749.245,4969.378,540.0139,2718.1584,3478.7043,5569.545,3641.973,-1144.6516,-611.6681,358.801,-3245.0652,-3126.7734,4354.983,-2552.561
0.369,8529.86,-5750.434,4968.841,541.93024,2716.705,3480.3174,5569.5513,3642.0664,-1145.5536,-614.003,359.1263,-3245.6917,-3125.3179,4355.4634,-2547.3413
0.37,8528.639,-5751.6245,4968.3037,543.8458,2715.2517,3481.9302,5569.5596,3642.1597,-1146.4554,-616.33777,359.45102,-3246.3167,-3123.8623,4355.945,-2542.1213
0.371,8527.417,-5752.814,4967.767,545.76196,2713.7986,3483.543,5569.5674,3642.253,-1147.357,-618.67163,359.77652,-3246.9426,-3122.407,4356.425,-2536.904
0.372,8526.194,-5754.0044,4967.23,547.6781,2712.3452,3485.1555,5569.5747,3642.3462,-1148.2588,-621.0058,360.10165,-3247.568,-3120.9514,4356.9053,-2531.6846
0.373,8524.973,-5755.1943,4966.694,549.59406,2710.8926,3486.7676,5569.5825,3642.44,-1149.1605,-623.3401,360.42697,-3248.1938,-3119.496,4357.3857,-2526.4663
0.374,8523.75,-5756.384,4966.157,551.50934,2709.44,3488.3796,5569.59,3642.533,-1150.062,-625.67365,360.75198,-3248.8188,-3118.0405,4357.865,-2521.2493
0.375,8522.528,-5757.573,4965.62,553.42474,2707.9866,3489.9922,5569.5977,3642.6265,-1150.9636,-628.0075,361.07724,-3249.4448,-3116.5852,4358.346,-2516.0327
0.376,8521.306,-5758.7627,4965.0835,555.3407,2706.5347,3491.6045,5569.605,3642.7205,-1151.865,-630.3414,361.40225,-3250.0698,-3115.1301,4358.8267,-2510.8157
0.377,8520.084,-5759.952,4964.5474,557.2558,2705.082,3493.2163,5569.6113,3642.8135,-1152.7664,-632.67413,361.72748,-3250.6953,-3113.6755,4359.306,-2505.5989
0.378,8518.861,-5761.1416,4964.0107,559.17035,2703.6294,3494.8276,5569.62,3642.9067,-1153.6674,-635.0077,362.05246,-3251.3208,-3112.22,4359.786,-2500.3845
0.379,8517.641,-5762.331,4963.474,561.0851,2702.177,3496.4392,5569.6265,3643.0,-1154.5688,-637.3408,362.37735,-3251.9458,-3110.765,4360.2656,-2495.168
0.38,8516.419,-5763.5205,4962.938,563.0001,2700.7246,3498.051,5569.635,3643.0938,-1155.4697,-639.67316,362.70255,-3252.572,-3109.311,4360.746,-2489.9534
0.381,8515.198,-5764.7095,4962.401,564.9156,2699.2725,3499.662,5569.6416,3643.187,-1156.371,-642.0059,363.02768,-3253.1968,-3107.8555,4361.2266,-2484.7388
0.382,8513.976,-5765.8984,4961.8643,566.8294,2697.821,3501.2734,5569.649,3643.2803,-1157.2717,-644.33844,363.35275,-3253.8215,-3106.401,4361.7065,-2479.5251
0.383,8512.755,-5767.0874,4961.3276,568.7438,2696.369,3502.8845,5569.6562,3643.3738,-1158.1726,-646.6703,363.67807,-3254.447,-3104.9475,4362.1865,-2474.3115
0.384,8511.534,-5768.2764,4960.792,570.65784,2694.917,3504.4956,5569.6636,3643.4668,-1159.0735,-649.0025,364.0032,-3255.072,-3103.4932,4362.6665,-2469.0986
0.385,8510.3125,-5769.466,4960.255,572.572,2693.4656,3506.1064,5569.671,3643.5608,-1159.9741,-651.33453,364.32816,-3255.697,-3102.038,4363.146,-2463.8862
0.386,8509.091,-5770.654,4959.7188,574.4855,2692.0144,3507.717,5569.6777,3643.6543,-1160.8749,-653.6661,364.65292,-3256.322,-3100.585,4363.626,-2458.6736
0.387,8507.87,-5771.843,4959.182,576.4002,2690.5625,3509.3276,5569.685,3643.7473,-1161.7755,-655.99756,364.9783,-3256.947,-3099.1301,4364.1055,-2453.4626
0.388,8506.649,-5773.0317,4958.646,578.313,2689.1116,3510.9382,5569.6924,3643.8408,-1162.6761,-658.3291,365.30325,-3257.5725,-3097.6758,4364.5845,-2448.2512
0.389,8505.429,-5774.2197,4958.11,580.22614,2687.66,3512.548,5569.6997,3643.9343,-1163.5765,-660.6598,365.6284,-3258.1975,-3096.222,4365.0635,-2443.0403
0.39,8504.207,-5775.408,4957.5737,582.1393,2686.2095,3514.158,5569.707,3644.0278,-1164.4769,-662.99,365.95322,-3258.822,-3094.769,4365.544,-2437.8303
0.391,8502.987,-5776.597,4957.037,584.05273,2684.7583,3515.7683,5569.714,3644.1213,-1165.3774,-665.3216,366.27853,-3259.4475,-3093.3142,4366.0234,-2432.6196
0.392,8501.766,-5777.785,4956.5015,585.9652,2683.3074,3517.3782,5569.721,3644.2144,-1166.2773,-667.6518,366.60318,-3260.072,-3091.8606,4366.501,-2427.411
0.393,8500.545,-5778.973,4955.9653,587.8778,2681.8567,3518.9875,5569.7285,3644.3079,-1167.1777,-669.9822,366.9282,-3260.697,-3090.4075,4366.9814,-2422.2014
0.394,8499.324,-5780.1616,4955.429,589.7908,2680.4062,3520.598,5569.736,3644.4016,-1168.0779,-672.3121,367.2534,-3261.3218,-3088.9543,4367.461,-2416.9937
0.395,8498.104,-5781.349,4954.8926,591.70337,2678.9558,3522.2073,5569.743,3644.495,-1168.9778,-674.64215,367.57858,-3261.9465,-3087.5002,4367.94,-2411.7854
0.396,8496.884,-5782.5376,4954.3574,593.61523,2677.5054,3523.816,5569.75,3644.5886,-1169.8774,-676.97174,367.90347,-3262.571,-3086.0479,4368.418,-2406.578
0.397,8495.663,-5783.7256,4953.822,595.52716,2676.055,3525.4253,5569.756,3644.682,-1170.7775,-679.30164,368.22867,-3263.1953,-3084.5945,4368.898,-2401.3706
0.398,8494.443,-5784.913,4953.285,597.4394,2674.6047,3527.0347,5569.763,3644.775,-1171.6772,-681.631,368.55347,-3263.8203,-3083.142,4369.3765,-2396.164
0.399,8493.224,-5786.101,4952.7495,599.3513,2673.155,3528.6433,5569.7705,3644.869,-1172.5769,-683.96014,368.8786,-3264.445,-3081.6885,4369.856,-2390.9585
0.4,8492.004,-5787.2886,4952.2134,601.263,2671.705,3530.252,5569.7764,3644.962,-1173.4769,-686.2891,369.2036,-3265.0693,-3080.2356,4370.334,-2385.7522
0.401,8490.783,-5788.4766,4951.6777,603.1744,2670.2551,3531.8606,5569.7837,3645.0557,-1174.3762,-688.6178,369.52856,-3265.6938,-3078.7834,4370.813,-2380.5469
0.402,8489.563,-5789.664,4951.142,605.08594,2668.8057,3533.469,5569.7905,3645.149,-1175.2755,-690.94635,369.85345,-3266.3184,-3077.3308,4371.2925,-2375.3425
0.403,8488.343,-5790.851,4950.606,606.99713,2667.3562,3535.0771,5569.798,3645.2424,-1176.175,-693.2749,370.17828,-3266.9424,-3075.878,4371.77,-2370.1384
0.404,8487.124,-5792.0386,4950.07,608.9083,2665.907,3536.6855,5569.805,3645.3367,-1177.0742,-695.60315,370.50342,-3267.5674,-3074.426,4372.2495,-2364.9348
0.405,8485.903,-5793.226,4949.534,610.81915,2664.4575,3538.2935,5569.8115,3645.43,-1177.9735,-697.9308,370.8285,-3268.1917,-3072.9736,4372.728,-2359.7302
0.406,8484.685,-5794.413,4948.9985,612.73,2663.0083,3539.9016,5569.8184,3645.5232,-1178.8728,-700.2586,371.15335,-3268.816,-3071.521,4373.205,-2354.5283
0.407,8483.465,-5795.6,4948.463,614.63995,2661.5586,3541.509,5569.8247,3645.6162,-1179.7719,-702.58606,371.47824,-3269.4402,-3070.0688,4373.6846,-2349.3262
0.408,8482.245,-5796.787,4947.9277,616.5508,2660.1106,3543.1165,5569.832,3645.71,-1180.6709,-704.9139,371.80344,-3270.0645,-3068.6167,4374.163,-2344.1248
0.409,8481.026,-5797.974,4947.3916,618.4606,2658.6616,3544.724,5569.8384,3645.8032,-1181.5697,-707.2412,372.1282,-3270.6885,-3067.165,4374.641,-2338.9216
0.41,8479.808,-5799.1606,4946.8564,620.3705,2657.2131,3546.3313,5569.8457,3645.8972,-1182.4686,-709.5673,372.45322,-3271.3127,-3065.7136,4375.1196,-2333.7222
0.411,8478.588,-5800.3477,4946.3203,622.281,2655.7646,3547.9382,5569.853,3645.9907,-1183.3674,-711.89417,372.7784,-3271.937,-3064.2617,4375.597,-2328.5215
0.412,8477.369,-5801.534,4945.7856,624.1908,2654.3162,3549.5454,5569.859,3646.0842,-1184.2662,-714.22064,373.10324,-3272.5608,-3062.8105,4376.0757,-2323.3218
0.413,8476.149,-5802.721,4945.2495,626.1004,2652.868,3551.1523,5569.865,3646.1775,-1185.1648,-716.54736,373.42825,-3273.185,-3061.3586,4376.553,-2318.1218
0.414,8474.932,-5803.9077,4944.7144,628.0093,2651.4197,3552.7588,5569.8716,3646.2712,-1186.0634,-718.8735,373.75317,-3273.8093,-3059.9067,4377.0317,-2312.923
0.415,8473.712,-5805.0938,4944.178,629.9187,2649.972,3554.3655,5569.8774,3646.3645,-1186.9617,-721.19977,374.07776,-3274.4324,-3058.4558,4377.51,-2307.7253
0.416,8472.493,-5806.2803,4943.643,631.8276,2648.5237,3555.9722,5569.885,3646.458,-1187.8601,-723.52527,374.4032,-3275.0574,-3057.0044,4377.987,-2302.527
0.417,8471.274,-5807.467,4943.1084,633.7368,2647.076,3557.5784,5569.891,3646.5515,-1188.7584,-725.8509,374.72797,-3275.681,-3055.5537,4378.4653,-2297.3293
0.418,8470.056,-5808.653,4942.5728,635.6452,2645.628,3559.1846,5569.898,3646.645,-1189.6565,-728.17596,375.0526,-3276.3047,-3054.1025,4378.942,-2292.1328
0.419,8468.837,-5809.839,4942.037,637.55396,2644.1802,3560.7903,5569.9043,3646.7385,-1190.5547,-730.50073,375.37766,-3276.9282,-3052.6514,4379.42,-2286.936
0.42,8467.619,-5811.025,4941.5024,639.46265,2642.733,3562.3962,5569.9106,3646.8325,-1191.453,-732.82654,375.70242,-3277.552,-3051.2004,4379.8984,-2281.74
0.421,8466.4,-5812.211,4940.968,641.37103,2641.2861,3564.002,5569.9175,3646.9255,-1192.3507,-735.1512,376.02725,-3278.1758,-3049.7505,4380.3755,-2276.5444
0.422,8465.182,-5813.3965,4940.432,643.2787,2639.8386,3565.6074,5569.924,3647.0193,-1193.2487,-737.47516,376.35208,-3278.7993,-3048.3003,4380.853,-2271.3499
0.423,8463.965,-5814.5825,4939.8965,645.1867,2638.3914,3567.213,5569.93,3647.1125,-1194.1465,-739.80023,376.67722,-3279.4238,-3046.8494,4381.3296,-2266.155
0.424,8462.746,-5815.768,4939.362,647.09454,2636.9446,3568.8179,5569.936,3647.2063,-1195.0442,-742.1238,377.00183,-3280.0466,-3045.3997,4381.807,-2260.9607
0.425,8461.528,-5816.954,4938.8267,649.002,2635.498,3570.4233,5569.9424,3647.3,-1195.9419,-744.44794,377.3271,-3280.6702,-3043.9492,4382.285,-2255.7673
0.426,8460.31,-5818.139,4938.292,650.90967,2634.0513,3572.0278,5569.949,3647.3936,-1196.8392,-746.7717,377.65167,-3281.294,-3042.4985,4382.7617,-2250.5754
0.427,8459.093,-5819.3247,4937.757,652.8166,2632.6045,3573.6328,5569.9556,3647.487,-1197.7369,-749.09515,377.97656,-3281.9172,-3041.0486,4383.2397,-2245.3828
0.428,8457.874,-5820.5093,4937.2217,654.72394,2631.1582,3575.2375,5569.9614,3647.5806,-1198.6344,-751.4187,378.30124,-3282.541,-3039.5989,4383.716,-2240.1904
0.429,8456.656,-5821.6953,4936.687,656.6305,2629.712,3576.842,5569.9688,3647.6743,-1199.5315,-753.74115,378.62637,-3283.164,-3038.149,4384.1924,-2234.999
0.43,8455.439,-5822.8804,4936.1514,658.5375,2628.266,3578.4463,5569.9736,3647.7678,-1200.4291,-756.0644,378.95126,-3283.788,-3036.699,4384.6694,-2229.8076
0.431,8454.222,-5824.0654,4935.617,660.4444,2626.8198,3580.0505,5569.98,3647.8616,-1201.3262,-758.387,379.27597,-3284.411,-3035.2498,4385.1465,-2224.6174
0.432,8453.005,-5825.251,4935.0825,662.3508,2625.3738,3581.6548,5569.987,3647.9548,-1202.2234,-760.70984,379.6011,-3285.0342,-3033.8003,4385.6235,-2219.427
0.433,8451.786,-5826.435,4934.5474,664.25653,2623.9282,3583.2583,5569.993,3648.0486,-1203.1201,-763.0317,379.92572,-3285.6575,-3032.3506,4386.1006,-2214.238
0.434,8450.57,-5827.62,4934.0127,666.1628,2622.4827,3584.8618,5569.998,3648.1418,-1204.0171,-765.3536,380.2508,-3286.2808,-3030.9023,4386.5767,-2209.0488
0.435,8449.354,-5828.805,4933.478,668.06836,2621.037,3586.4656,5570.005,3648.2358,-1204.914,-767.67487,380.57538,-3286.9038,-3029.4526,4387.053,-2203.8608
0.436,8448.136,-5829.9893,4932.9434,669.97424,2619.5918,3588.069,5570.011,3648.3296,-1205.8107,-769.9967,380.90018,-3287.5269,-3028.0034,4387.53,-2198.673
0.437,8446.919,-5831.1743,4932.409,671.87976,2618.1465,3589.6719,5570.017,3648.423,-1206.7075,-772.3181,381.225,-3288.1497,-3026.5544,4388.0063,-2193.4854
0.438,8445.701,-5832.359,4931.8745,673.78534,2616.701,3591.2751,5570.0234,3648.5164,-1207.604,-774.6397,381.55002,-3288.7732,-3025.105,4388.4834,-2188.299
0.439,8444.485,-5833.5435,4931.3394,675.6905,2615.256,3592.878,5570.0293,3648.61,-1208.5006,-776.9608,381.8744,-3289.3958,-3023.6572,4388.9595,-2183.1116
0.44,8443.269,-5834.727,4930.8047,677.5957,2613.8115,3594.4814,5570.035,3648.7043,-1209.3971,-779.2815,382.19928,-3290.019,-3022.2087,4389.436,-2177.9253
0.441,8442.051,-5835.9116,4930.27,679.5002,2612.366,3596.0837,5570.041,3648.797,-1210.2932,-781.602,382.52386,-3290.6416,-3020.7595,4389.912,-2172.7417
0.442,8440.836,-5837.095,4929.736,681.40497,2610.922,3597.6863,5570.0474,3648.891,-1211.1896,-783.92206,382.84894,-3291.2646,-3019.3118,4390.388,-2167.5566
0.443,8439.619,-5838.2793,4929.2017,683.30945,2609.4773,3599.2883,5570.053,3648.9844,-1212.0854,-786.2421,383.17343,-3291.887,-3017.864,4390.864,-2162.3716
0.444,8438.403,-5839.464,4928.667,685.2138,2608.0334,3600.8904,5570.058,3649.0781,-1212.9818,-788.5614,383.49826,-3292.5098,-3016.4153,4391.3394,-2157.1882
0.445,8437.186,-5840.6475,4928.133,687.1174,2606.5886,3602.4924,5570.065,3649.1719,-1213.8776,-790.8818,383.82294,-3293.1326,-3014.967,4391.817,-2152.006
0.446,8435.971,-5841.831,4927.599,689.02185,2605.1448,3604.0945,5570.07,3649.2654,-1214.7733,-793.20135,384.1479,-3293.755,-3013.5188,4392.292,-2146.8223
0.447,8434.753,-5843.015,4927.0645,690.9249,2603.701,3605.696,5570.076,3649.3591,-1215.6694,-795.5199,384.47266,-3294.3784,-3012.0713,4392.7676,-2141.6409
0.448,8433.538,-5844.198,4926.53,692.82904,2602.2573,3607.2979,5570.0815,3649.4524,-1216.5652,-797.83936,384.79742,-3295.0007,-3010.6238,4393.2437,-2136.4575
0.449,8432.322,-5845.382,4925.995,694.73267,2600.8132,3608.899,5570.088,3649.5466,-1217.461,-800.1581,385.1225,-3295.6235,-3009.1763,4393.719,-2131.2773
0.45,8431.106,-5846.565,4925.462,696.6357,2599.3699,3610.5002,5570.0938,3649.6401,-1218.3562,-802.4766,385.4468,-3296.2456,-3007.729,4394.1953,-2126.0981
0.451,8429.892,-5847.749,4924.9272,698.5384,2597.9265,3612.1008,5570.0986,3649.7332,-1219.252,-804.795,385.7717,-3296.8687,-3006.2812,4394.6704,-2120.9177
0.452,8428.676,-5848.9316,4924.393,700.44147,2596.4836,3613.7017,5570.1045,3649.8276,-1220.1473,-807.1129,386.0962,-3297.491,-3004.8342,4395.1455,-2115.737
0.453,8427.46,-5850.115,4923.86,702.34436,2595.04,3615.3027,5570.1104,3649.9211,-1221.0424,-809.43146,386.4209,-3298.113,-3003.3872,4395.621,-2110.5596
0.454,8426.244,-5851.2983,4923.325,704.24677,2593.597,3616.9033,5570.116,3650.0146,-1221.9377,-811.7488,386.7455,-3298.7356,-3001.94,4396.096,-2105.3804
0.455,8425.028,-5852.481,4922.7915,706.1498,2592.1545,3618.5037,5570.121,3650.1084,-1222.8328,-814.0655,387.07028,-3299.3577,-3000.4927,4396.572,-2100.203
0.456,8423.814,-5853.6636,4922.2573,708.0513,2590.7117,3620.1035,5570.1265,3650.202,-1223.7277,-816.383,387.39505,-3299.98,-2999.0464,4397.0474,-2095.025
0.457,8422.598,-5854.8467,4921.7236,709.9536,2589.269,3621.7039,5570.1333,3650.2957,-1224.6227,-818.7,387.72,-3300.6016,-2997.5986,4397.522,-2089.8486
0.458,8421.384,-5856.0293,4921.1895,711.8551,2587.8264,3623.304,5570.1377,3650.3892,-1225.5177,-821.01685,388.04456,-3301.224,-2996.1528,4397.997,-2084.6719
0.459,8420.169,-5857.2124,4920.656,713.7566,2586.3843,3624.9036,5570.1436,3650.483,-1226.4125,-823.3336,388.369,-3301.846,-2994.707,4398.472,-2079.4963
0.46,8418.953,-5858.394,4920.1216,715.6581,2584.942,3626.5034,5570.1494,3650.5767,-1227.3071,-825.65015,388.69376,-3302.4683,-2993.2603,4398.947,-2074.3215
0.461,8417.739,-5859.5767,4919.589,717.5594,2583.4998,3628.1023,5570.1543,3650.67,-1228.2015,-827.9658,389.01822,-3303.0898,-2991.8135,4399.4214,-2069.147
0.462,8416.524,-5860.759,4919.054,719.4607,2582.0579,3629.702,5570.1597,3650.7642,-1229.0964,-830.2819,389.34332,-3303.7124,-2990.3674,4399.8975,-2063.9722
0.463,8415.31,-5861.941,4918.521,721.36163,2580.617,3631.301,5570.1646,3650.8582,-1229.9905,-832.5973,389.66748,-3304.334,-2988.9214,4400.372,-2058.7988
0.464,8414.095,-5863.1235,4917.9873,723.2622,2579.1748,3632.9,5570.1694,3650.9514,-1230.8853,-834.9128,389.99234,-3304.9563,-2987.4753,4400.846,-2053.626
0.465,8412.881,-5864.305,4917.453,725.1628,2577.7334,3634.4985,5570.1753,3651.0454,-1231.7794,-837.22845,390.31668,-3305.5781,-2986.0305,4401.3213,-2048.4534
0.466,8411.666,-5865.487,4916.92,727.0636,2576.292,3636.0974,5570.181,3651.139,-1232.6733,-839.5427,390.64148,-3306.1997,-2984.5847,4401.7954,-2043.282
0.467,8410.452,-5866.669,4916.3857,728.96326,2574.8508,3637.6958,5570.186,3651.2324,-1233.5674,-841.85767,390.966,-3306.8213,-2983.1396,4402.2705,-2038.1102
0.468,8409.238,-5867.8506,4915.8525,730.8635,2573.4097,3639.2942,5570.192,3651.3262,-1234.4613,-844.17194,391.29102,-3307.4434,-2981.6936,4402.745,-2032.9397
0.469,8408.023,-5869.0327,4915.32,732.7634,2571.9685,3640.892,5570.1963,3651.42,-1235.3553,-846.4864,391.61533,-3308.0645,-2980.2485,4403.2183,-2027.7695
0.47,8406.81,-5870.2134,4914.786,734.66223,2570.5276,3642.49,5570.202,3651.5137,-1236.249,-848.80035,391.93982,-3308.686,-2978.804,4403.6934,-2022.6006
0.471,8405.597,-5871.3955,4914.252,736.5623,2569.0874,3644.0876,5570.207,3651.6072,-1237.1428,-851.1144,392.26465,-3309.3076,-2977.3586,4404.167,-2017.4313
0.472,8404.383,-5872.577,4913.719,738.4611,2567.6465,3645.685,5570.2114,3651.701,-1238.0366,-853.4279,392.58905,-3309.9292,-2975.914,4404.6416,-2012.2632
0.473,8403.169,-5873.7583,4913.1865,740.3605,2566.2065,3647.2827,5570.2173,3651.7952,-1238.9299,-855.74097,392.91397,-3310.5503,-2974.4683,4405.115,-2007.0945
0.474,8401.955,-5874.939,4912.6523,742.259,2564.7664,3648.88,5570.222,3651.8884,-1239.8234,-858.0542,393.23837,-3311.1724,-2973.0242,4405.5894,-2001.9274
0.475,8400.741,-5876.1206,4912.1196,744.1578,2563.326,3650.477,5570.2275,3651.9822,-1240.7167,-860.3673,393.56317,-3311.794,-2971.5796,4406.0635,-1996.7605
0.476,8399.528,-5877.3013,4911.586,746.0563,2561.8862,3652.074,5570.232,3652.076,-1241.61,-862.6796,393.88763,-3312.4148,-2970.135,4406.5376,-1991.5934
0.477,8398.314,-5878.482,4911.053,747.9545,2560.4463,3653.671,5570.238,3652.17,-1242.503,-864.99225,394.2122,-3313.0366,-2968.6902,4407.011,-1986.4286
0.478,8397.102,-5879.663,4910.52,749.85266,2559.0066,3655.2673,5570.2417,3652.2637,-1243.3962,-867.30426,394.5367,-3313.6575,-2967.2463,4407.484,-1981.2627
0.479,8395.889,-5880.8438,4909.987,751.751,2557.5674,3656.864,5570.247,3652.3572,-1244.2891,-869.61615,394.86145,-3314.2788,-2965.8018,4407.958,-1976.0985
0.48,8394.676,-5882.0244,4909.454,753.64874,2556.1277,3658.4602,5570.252,3652.451,-1245.1818,-871.92755,395.18567,-3314.8997,-2964.3574,4408.431,-1970.935
0.481,8393.463,-5883.2046,4908.921,755.5458,2554.6885,3660.056,5570.2563,3652.5447,-1246.0748,-874.2397,395.51035,-3315.5205,-2962.9138,4408.9053,-1965.7712
0.482,8392.25,-5884.3853,4908.388,757.44354,2553.2495,3661.6519,5570.261,3652.6387,-1246.9675,-876.55054,395.83487,-3316.1418,-2961.4707,4409.379,-1960.6089
0.483,8391.037,-5885.5654,4907.8555,759.3403,2551.8105,3663.2478,5570.2666,3652.7324,-1247.8602,-878.86194,396.15955,-3316.763,-2960.0266,4409.8516,-1955.4453
0.484,8389.824,-5886.7456,4907.3223,761.2368,2550.3718,3664.8433,5570.2725,3652.8262,-1248.7527,-881.1723,396.4835,-3317.384,-2958.5842,4410.3257,-1950.2839
0.485,8388.612,-5887.926,4906.7896,763.1344,2548.9329,3666.4387,5570.277,3652.9194,-1249.645,-883.4832,396.80826,-3318.005,-2957.1404,4410.7974,-1945.1232
0.486,8387.399,-5889.1055,4906.257,765.0304,2547.4944,3668.0337,5570.2817,3653.014,-1250.5375,-885.7933,397.13275,-3318.6255,-2955.6965,4411.2705,-1939.9626
0.487,8386.1875,-5890.2856,4905.724,766.9271,2546.0566,3669.629,5570.2866,3653.1072,-1251.4297,-888.103,397.45758,-3319.2466,-2954.2537,4411.7446,-1934.8019
0.488,8384.976,-5891.4653,4905.1914,768.8233,2544.6182,3671.2236,5570.2905,3653.2012,-1252.3219,-890.4128,397.7819,-3319.8672,-2952.8103,4412.217,-1929.6436
0.489,8383.763,-5892.645,4904.658,770.7195,2543.18,3672.8184,5570.2954,3653.2952,-1253.2137,-892.72253,398.10654,-3320.488,-2951.3682,4412.69,-1924.4849
0.49,8382.551,-5893.8247,4904.1255,772.6151,2541.7424,3674.4133,5570.299,3653.3892,-1254.1058,-895.0315,398.43048,-3321.1082,-2949.9263,4413.1636,-1919.3253
0.491,8381.34,-5895.004,4903.5933,774.5111,2540.3044,3676.0073,5570.304,3653.4824,-1254.9976,-897.3408,398.75555,-3321.729,-2948.4822,4413.6357,-1914.1687
0.492,8380.128,-5896.184,4903.0605,776.40625,2538.8667,3677.6013,5570.3086,3653.5762,-1255.8895,-899.64996,399.08,-3322.3496,-2947.0405,4414.11,-1909.0116
0.493,8378.916,-5897.363,4902.5283,778.3017,2537.4294,3679.1956,5570.3135,3653.67,-1256.781,-901.9583,399.4043,-3322.97,-2945.5977,4414.581,-1903.8544
0.494,8377.705,-5898.542,4901.9956,780.1963,2535.992,3680.7896,5570.318,3653.764,-1257.6726,-904.26654,399.72882,-3323.591,-2944.1555,4415.054,-1898.6985
0.495,8376.493,-5899.721,4901.4634,782.0909,2534.5547,3682.3828,5570.3228,3653.8582,-1258.5641,-906.57477,400.05313,-3324.2112,-2942.713,4415.527,-1893.5437
0.496,8375.281,-5900.9004,4900.9307,783.98584,2533.1174,3683.9766,5570.327,3653.952,-1259.4554,-908.88257,400.37756,-3324.8315,-2941.2712,4415.999,-1888.389
0.497,8374.07,-5902.0796,4900.3984,785.88007,2531.681,3685.5698,5570.3315,3654.0457,-1260.3468,-911.1903,400.70178,-3325.452,-2939.83,4416.4717,-1883.2349
0.498,8372.859,-5903.258,4899.866,787.7739,2530.2444,3687.1628,5570.336,3654.1392,-1261.2379,-913.4975,401.02597,-3326.0715,-2938.388,4416.944,-1878.0808
0.499,8371.648,-5904.437,4899.3345,789.6687,2528.8076,3688.756,5570.3403,3654.233,-1262.1292,-915.8048,401.3507,-3326.6921,-2936.9458,4417.4155,-1872.9272
0.5,8370.4375,-5905.615,4898.802,791.5621,2527.3713,3690.3489,5570.3447,3654.327,-1263.0203,-918.1114,401.67535,-3327.3123,-2935.5046,4417.8877,-1867.7755
0.501,8369.226,-5906.7935,4898.2695,793.45575,2525.9348,3691.9412,5570.349,3654.4207,-1263.9109,-920.4181,401.99942,-3327.9324,-2934.0632,4418.3594,-1862.6239
0.502,8368.015,-5907.972,4897.738,795.3498,2524.4985,3693.534,5570.3535,3654.5144,-1264.802,-922.7246,402.32425,-3328.5525,-2932.622,4418.8315,-1857.4722
0.503,8366.805,-5909.1504,4897.2056,797.24225,2523.063,3695.1257,5570.357,3654.6084,-1265.6926,-925.03046,402.64825,-3329.1726,-2931.1816,4419.303,-1852.3217
0.504,8365.594,-5910.3286,4896.6733,799.13544,2521.627,3696.718,5570.3613,3654.7024,-1266.5831,-927.3367,402.9728,-3329.7927,-2929.74,4419.7754,-1847.1724
0.505,8364.384,-5911.507,4896.141,801.0286,2520.1914,3698.3098,5570.3657,3654.7964,-1267.4739,-929.6422,403.29694,-3330.4126,-2928.299,4420.247,-1842.022
0.506,8363.174,-5912.6846,4895.609,802.9211,2518.7559,3699.9016,5570.37,3654.8896,-1268.3641,-931.94727,403.62134,-3331.0325,-2926.859,4420.7188,-1836.8727
0.507,8361.964,-5913.863,4895.0776,804.8137,2517.3203,3701.493,5570.374,3654.984,-1269.2545,-934.25275,403.94595,-3331.652,-2925.4172,4421.191,-1831.7246
0.508,8360.753,-5915.0405,4894.546,806.70605,2515.885,3703.0845,5570.378,3655.078,-1270.1448,-936.5575,404.2702,-3332.2722,-2923.9775,4421.662,-1826.5765
0.509,8359.543,-5916.2183,4894.0137,808.5974,2514.45,3704.6753,5570.3823,3655.1716,-1271.0348,-938.86255,404.59436,-3332.8918,-2922.5374,4422.1333,-1821.4303
0.51,8358.332,-5917.396,4893.482,810.48956,2513.015,3706.2666,5570.3867,3655.2656,-1271.9248,-941.1666,404.9186,-3333.5115,-2921.0967,4422.6045,-1816.284
0.511,8357.123,-5918.573,4892.95,812.3813,2511.5803,3707.8572,5570.39,3655.3599,-1272.8146,-943.47064,405.24335,-3334.1309,-2919.6575,4423.076,-1811.139
0.512,8355.913,-5919.7505,4892.418,814.2731,2510.1458,3709.4478,5570.3945,3655.4539,-1273.7046,-945.7745,405.56757,-3334.7505,-2918.2168,4423.548,-1805.9922
0.513,8354.703,-5920.928,4891.8867,816.1641,2508.7112,3711.038,5570.398,3655.547,-1274.5945,-948.0781,405.89188,-3335.37,-2916.777,4424.0176,-1800.849
0.514,8353.495,-5922.105,4891.355,818.0552,2507.2769,3712.6284,5570.4023,3655.641,-1275.4838,-950.38184,406.21582,-3335.9897,-2915.3374,4424.4893,-1795.7052
0.515,8352.285,-5923.2817,4890.8237,819.94586,2505.8433,3714.2183,5570.4062,3655.7354,-1276.3734,-952.6846,406.54062,-3336.6091,-2913.8977,4424.9604,-1790.5614
0.516,8351.075,-5924.459,4890.2915,821.8366,2504.4087,3715.8083,5570.4097,3655.8286,-1277.2631,-954.9877,406.86472,-3337.2278,-2912.458,4425.431,-1785.4187
0.517,8349.866,-5925.636,4889.7603,823.7269,2502.9746,3717.3982,5570.414,3655.923,-1278.1523,-957.2903,407.18927,-3337.8474,-2911.019,4425.9023,-1780.2761
0.518,8348.657,-5926.8125,4889.229,825.6171,2501.5413,3718.9873,5570.4175,3656.0164,-1279.0416,-959.5928,407.5129,-3338.4663,-2909.5796,4426.373,-1775.1348
0.519,8347.448,-5927.9893,4888.6973,827.50696,2500.1077,3720.577,5570.4214,3656.1106,-1279.9307,-961.8948,407.83765,-3339.086,-2908.1409,4426.844,-1769.994
0.52,8346.239,-5929.166,4888.166,829.39655,2498.6743,3722.1663,5570.426,3656.2043,-1280.8196,-964.1966,408.16193,-3339.705,-2906.702,4427.3145,-1764.8538
0.521,8345.03,-5930.3423,4887.6343,831.2864,2497.2415,3723.755,5570.4287,3656.2983,-1281.7084,-966.49805,408.48593,-3340.3245,-2905.2632,4427.785,-1759.7155
0.522,8343.821,-5931.5186,4887.1035,833.17566,2495.8076,3725.3438,5570.4326,3656.392,-1282.5975,-968.79987,408.81006,-3340.943,-2903.825,4428.2544,-1754.5753
0.523,8342.613,-5932.695,4886.5723,835.0651,2494.3752,3726.9326,5570.4355,3656.486,-1283.4861,-971.1007,409.13455,-3341.5623,-2902.386,4428.7256,-1749.4369
0.524,8341.405,-5933.871,4886.0405,836.9541,2492.9424,3728.5208,5570.4395,3656.5803,-1284.3749,-973.4016,409.45874,-3342.1812,-2900.948,4429.196,-1744.2992
0.525,8340.196,-5935.047,4885.5093,838.84265,2491.5095,3730.109,5570.444,3656.674,-1285.2635,-975.70197,409.78293,-3342.8003,-2899.5095,4429.6655,-1739.1614
0.526,8338.988,-5936.223,4884.9785,840.73126,2490.0771,3731.697,5570.4473,3656.7683,-1286.152,-978.00244,410.107,-3343.4187,-2898.071,4430.1357,-1734.0249
0.527,8337.779,-5937.3994,4884.4473,842.6196,2488.6445,3733.285,5570.4507,3656.8616,-1287.0403,-980.3025,410.4314,-3344.0378,-2896.6333,4430.6064,-1728.8889
0.528,8336.572,-5938.574,4883.917,844.5079,2487.213,3734.8723,5570.4546,3656.9558,-1287.9285,-982.60223,410.75565,-3344.6565,-2895.1943,4431.076,-1723.7537
0.529,8335.364,-5939.7495,4883.3853,846.3952,2485.781,3736.4602,5570.458,3657.0503,-1288.8165,-984.9017,411.0796,-3345.276,-2893.758,4431.547,-1718.6183
0.53,8334.156,-5940.9253,4882.854,848.28345,2484.349,3738.0474,5570.461,3657.144,-1289.7046,-987.2007,411.40414,-3345.8945,-2892.3203,4432.017,-1713.4843
0.531,8332.948,-5942.101,4882.3237,850.1713,2482.917,3739.6343,5570.465,3657.2378,-1290.5924,-989.49963,411.72797,-3346.513,-2890.8826,4432.486,-1708.3513
0.532,8331.74,-5943.276,4881.7925,852.05817,2481.486,3741.2214,5570.4683,3657.3315,-1291.4803,-991.79877,412.05243,-3347.1313,-2889.4453,4432.956,-1703.2184
0.533,8330.533,-5944.451,4881.262,853.9457,2480.055,3742.8079,5570.471,3657.426,-1292.3679,-994.0971,412.3765,-3347.7493,-2888.0078,4433.426,-1698.0867
0.534,8329.325,-5945.627,4880.731,855.8318,2478.6233,3744.3943,5570.4746,3657.5195,-1293.2556,-996.3953,412.70047,-3348.3682,-2886.5703,4433.895,-1692.9551
0.535,8328.119,-5946.8013,4880.2,857.71857,2477.1924,3745.981,5570.4775,3657.614,-1294.1432,-998.6933,413.0247,-3348.9863,-2885.134,4434.3647,-1687.824
0.536,8326.912,-5947.9766,4879.67,859.60504,2475.7615,3747.567,5570.482,3657.7075,-1295.0305,-1000.9907,413.34882,-3349.6042,-2883.6975,4434.8335,-1682.6935
0.537,8325.704,-5949.151,4879.1387,861.49133,2474.3306,3749.1526,5570.485,3657.8018,-1295.9178,-1003.2888,413.67313,-3350.223,-2882.261,4435.3027,-1677.5642
0.538,8324.497,-5950.325,4878.609,863.37726,2472.9004,3750.7385,5570.488,3657.8958,-1296.805,-1005.5855,413.99677,-3350.8408,-2880.8245,4435.772,-1672.4349
0.539,8323.29,-5951.5005,4878.0776,865.2629,2471.4702,3752.324,5570.4907,3657.9897,-1297.6923,-1007.8827,414.32132,-3351.46,-2879.3882,4436.241,-1667.3063
0.54,8322.084,-5952.675,4877.547,867.1491,2470.0398,3753.9097,5570.4937,3658.0833,-1298.5792,-1010.1794,414.64514,-3352.0771,-2877.951,4436.7104,-1662.1782
0.541,8320.877,-5953.8486,4877.017,869.0347,2468.6099,3755.4949,5570.497,3658.1777,-1299.4663,-1012.47577,414.9697,-3352.6958,-2876.5156,4437.1797,-1657.0508
0.542,8319.671,-5955.023,4876.4863,870.9199,2467.1802,3757.0796,5570.501,3658.2715,-1300.3531,-1014.77155,415.29333,-3353.3137,-2875.0793,4437.6484,-1651.9252
0.543,8318.464,-5956.197,4875.9556,872.8046,2465.75,3758.6648,5570.504,3658.3657,-1301.2399,-1017.0678,415.6177,-3353.932,-2873.6438,4438.1187,-1646.7996
0.544,8317.259,-5957.3706,4875.4253,874.68933,2464.3206,3760.2493,5570.506,3658.46,-1302.1262,-1019.3627,415.9416,-3354.549,-2872.208,4438.586,-1641.674
0.545,8316.052,-5958.5454,4874.8955,876.57404,2462.891,3761.834,5570.5103,3658.5537,-1303.0128,-1021.6586,416.2659,-3355.1672,-2870.7725,4439.056,-1636.549
0.546,8314.847,-5959.7183,4874.3647,878.4584,2461.4622,3763.4177,5570.512,3658.648,-1303.899,-1023.95355,416.59012,-3355.7856,-2869.3374,4439.524,-1631.4258
0.547,8313.641,-5960.892,4873.835,880.34235,2460.033,3765.002,5570.516,3658.742,-1304.7855,-1026.2483,416.91373,-3356.4028,-2867.902,4439.9927,-1626.3014
0.548,8312.435,-5962.066,4873.3047,882.2264,2458.604,3766.5854,5570.519,3658.8354,-1305.6715,-1028.5428,417.2378,-3357.0208,-2866.4673,4440.4614,-1621.1799
0.549,8311.229,-5963.2393,4872.7744,884.11,2457.175,3768.1694,5570.521,3658.9297,-1306.5579,-1030.8373,417.56207,-3357.6387,-2865.0317,4440.929,-1616.0574
0.55,8310.022,-5964.4126,4872.244,885.9929,2455.7463,3769.7527,5570.524,3659.0234,-1307.4437,-1033.1306,417.88632,-3358.2559,-2863.597,4441.3975,-1610.9354
0.551,8308.817,-5965.586,4871.7144,887.8764,2454.3179,3771.3357,5570.527,3659.1177,-1308.3295,-1035.4246,418.21,-3358.8733,-2862.1619,4441.8657,-1605.8153
0.552,8307.612,-5966.7583,4871.1846,889.75946,2452.8901,3772.9192,5570.53,3659.2117,-1309.2155,-1037.7178,418.53406,-3359.491,-2860.727,4442.334,-1600.6957
0.553,8306.407,-5967.9316,4870.655,891.6424,2451.4622,3774.5022,5570.5327,3659.306,-1310.1008,-1040.0112,418.858,-3360.1077,-2859.2935,4442.8022,-1595.5762
0.554,8305.201,-5969.105,4870.1245,893.52466,2450.0337,3776.0847,5570.5356,3659.4001,-1310.9866,-1042.3042,419.1819,-3360.7256,-2857.8586,4443.2705,-1590.4578
0.555,8303.997,-5970.2773,4869.5947,895.40686,2448.606,3777.667,5570.5376,3659.4937,-1311.8718,-1044.5958,419.50607,-3361.3428,-2856.4243,4443.737,-1585.3395
0.556,8302.792,-5971.45,4869.065,897.2898,2447.1787,3779.2493,5570.5415,3659.588,-1312.7572,-1046.8889,419.8303,-3361.9595,-2854.991,4444.2056,-1580.2229
0.557,8301.587,-5972.6226,4868.535,899.1706,2445.751,3780.8313,5570.5435,3659.6816,-1313.6425,-1049.1805,420.15384,-3362.577,-2853.5571,4444.673,-1575.1064
0.558,8300.382,-5973.7954,4868.0054,901.0528,2444.3237,3782.4133,5570.5454,3659.7761,-1314.5275,-1051.4725,420.47827,-3363.194,-2852.1226,4445.1416,-1569.9893
0.559,8299.178,-5974.967,4867.4756,902.9343,2442.897,3783.9954,5570.5483,3659.8704,-1315.4125,-1053.7643,420.8019,-3363.8115,-2850.6895,4445.61,-1564.8734
0.56,8297.973,-5976.1396,4866.946,904.81586,2441.47,3785.5764,5570.551,3659.964,-1316.2975,-1056.0552,421.12567,-3364.428,-2849.2559,4446.076,-1559.7587
0.561,8296.77,-5977.3115,4866.4165,906.6963,2440.043,3787.1577,5570.5537,3660.058,-1317.1823,-1058.3464,421.4495,-3365.046,-2847.8225,4446.5435,-1554.6445
0.562,8295.564,-5978.4834,4865.886,908.57733,2438.6162,3788.7385,5570.5566,3660.1519,-1318.0669,-1060.637,421.7735,-3365.6624,-2846.39,4447.011,-1549.5322
0.563,8294.36,-5979.656,4865.3574,910.4583,2437.1895,3790.32,5570.5586,3660.2466,-1318.9515,-1062.9277,422.0978,-3366.2795,-2844.9565,4447.4785,-1544.4194
0.564,8293.157,-5980.827,4864.828,912.33875,2435.764,3791.9004,5570.561,3660.3408,-1319.836,-1065.2174,422.4213,-3366.8953,-2843.523,4447.946,-1539.3065
0.565,8291.952,-5981.999,4864.299,914.2189,2434.3376,3793.4807,5570.5635,3660.4348,-1320.7205,-1067.5072,422.74524,-3367.5127,-2842.091,4448.413,-1534.1948
0.566,8290.749,-5983.171,4863.7695,916.09894,2432.9116,3795.0613,5570.566,3660.5283,-1321.6045,-1069.7969,423.06924,-3368.1296,-2840.6582,4448.88,-1529.0856
0.567,8289.545,-5984.3413,4863.24,917.97833,2431.486,3796.641,5570.568,3660.623,-1322.4886,-1072.086,423.39313,-3368.7456,-2839.2256,4449.3477,-1523.9745
0.568,8288.342,-5985.513,4862.7114,919.8581,2430.06,3798.2212,5570.5703,3660.7168,-1323.3728,-1074.3755,423.71683,-3369.3625,-2837.793,4449.813,-1518.8646
0.569,8287.138,-5986.684,4862.1816,921.7371,2428.6353,3799.8008,5570.572,3660.811,-1324.2568,-1076.6642,424.0407,-3369.9788,-2836.3613,4450.28,-1513.7566
0.57,8285.936,-5987.855,4861.6523,923.6162,2427.2097,3801.3804,5570.5747,3660.905,-1325.1406,-1078.9525,424.36496,-3370.5957,-2834.9297,4450.748,-1508.648
0.571,8284.731,-5989.0264,4861.123,925.4949,2425.7844,3802.9597,5570.5776,3660.9993,-1326.0242,-1081.2412,424.6886,-3371.212,-2833.498,4451.214,-1503.5411
0.572,8283.529,-5990.1973,4860.594,927.3737,2424.3594,3804.5386,5570.5796,3661.0933,-1326.9078,-1083.5286,425.01227,-3371.828,-2832.0647,4451.68,-1498.4337
0.573,8282.325,-5991.3677,4860.0654,929.2519,2422.935,3806.1177,5570.581,3661.1873,-1327.7915,-1085.816,425.33615,-3372.4443,-2830.634,4452.1465,-1493.3275
0.574,8281.123,-5992.538,4859.536,931.1295,2421.5107,3807.696,5570.584,3661.2817,-1328.6749,-1088.1036,425.66022,-3373.0605,-2829.2024,4452.613,-1488.2238
0.575,8279.92,-5993.7085,4859.008,933.0079,2420.086,3809.275,5570.5854,3661.3755,-1329.558,-1090.391,425.98398,-3373.677,-2827.7712,4453.079,-1483.1176
0.576,8278.718,-5994.8794,4858.478,934.8855,2418.6616,3810.853,5570.5874,3661.4697,-1330.4412,-1092.6772,426.30753,-3374.293,-2826.3403,4453.5464,-1478.0138
0.577,8277.516,-5996.049,4857.9497,936.76294,2417.2375,3812.431,5570.5903,3661.564,-1331.324,-1094.9637,426.63147,-3374.9092,-2824.909,4454.012,-1472.9105
0.578,8276.3125,-5997.219,4857.421,938.64044,2415.814,3814.0095,5570.592,3661.658,-1332.2072,-1097.25,426.95517,-3375.5254,-2823.4785,4454.4785,-1467.808
0.579,8275.111,-5998.3896,4856.892,940.51697,2414.39,3815.5867,5570.5933,3661.7522,-1333.09,-1099.5359,427.27866,-3376.1409,-2822.0474,4454.9434,-1462.7067
0.58,8273.908,-5999.559,4856.364,942.3941,2412.9668,3817.1638,5570.5957,3661.8464,-1333.9725,-1101.8213,427.6027,-3376.7563,-2820.617,4455.4097,-1457.6046
0.581,8272.706,-6000.729,4855.8345,944.2705,2411.5435,3818.7415,5570.5977,3661.9402,-1334.8552,-1104.1066,427.9266,-3377.373,-2819.187,4455.876,-1452.5039
0.582,8271.504,-6001.899,4855.3066,946.14636,2410.1196,3820.3184,5570.599,3662.0352,-1335.7377,-1106.3917,428.25,-3377.9883,-2817.756,4456.3413,-1447.4044
0.583,8270.303,-6003.068,4854.778,948.02325,2408.6968,3821.895,5570.6006,3662.1284,-1336.6201,-1108.6771,428.57376,-3378.604,-2816.3262,4456.807,-1442.3042
0.584,8269.102,-6004.238,4854.2495,949.8991,2407.2744,3823.4717,5570.6035,3662.2234,-1337.5022,-1110.9609,428.8976,-3379.22,-2814.897,4457.2734,-1437.207
0.585,8267.9,-6005.4067,4853.721,951.7745,2405.8518,3825.0476,5570.604,3662.3171,-1338.3845,-1113.2455,429.2213,-3379.8352,-2813.4663,4457.738,-1432.1082
0.586,8266.698,-6006.576,4853.192,953.6495,2404.4294,3826.6243,5570.6055,3662.4114,-1339.2666,-1115.529,429.54532,-3380.451,-2812.0376,4458.204,-1427.011
0.587,8265.497,-6007.745,4852.6646,955.52496,2403.007,3828.2004,5570.608,3662.5054,-1340.1484,-1117.8129,429.86884,-3381.0662,-2810.6074,4458.6694,-1421.9152
0.588,8264.296,-6008.9146,4852.1357,957.39996,2401.5847,3829.776,5570.6094,3662.5999,-1341.0305,-1120.0962,430.19275,-3381.682,-2809.1777,4459.134,-1416.8192
0.589,8263.095,-6010.083,4851.6074,959.2746,2400.163,3831.3516,5570.611,3662.6938,-1341.9121,-1122.379,430.51596,-3382.2969,-2807.7483,4459.599,-1411.7245
0.59,8261.895,-6011.252,4851.079,961.14886,2398.741,3832.927,5570.6123,3662.7878,-1342.7936,-1124.662,430.84003,-3382.912,-2806.3196,4460.0654,-1406.6293
0.591,8260.692,-6012.4204,4850.5513,963.0235,2397.319,3834.5024,5570.614,3662.882,-1343.675,-1126.9446,431.1634,-3383.5278,-2804.8896,4460.5293,-1401.5358
0.592,8259.492,-6013.589,4850.0234,964.8972,2395.8977,3836.0774,5570.6157,3662.9768,-1344.5565,-1129.2267,431.48734,-3384.143,-2803.4622,4460.9946,-1396.4429
0.593,8258.291,-6014.757,4849.4956,966.77094,2394.4766,3837.652,5570.617,3663.0708,-1345.4377,-1131.5088,431.81122,-3384.758,-2802.0334,4461.459,-1391.3506
0.594,8257.092,-6015.9253,4848.9673,968.64435,2393.056,3839.226,5570.618,3663.165,-1346.3191,-1133.7897,432.1347,-3385.3735,-2800.605,4461.9233,-1386.2601
0.595,8255.891,-6017.0938,4848.4395,970.51776,2391.6343,3840.8008,5570.62,3663.259,-1347.2,-1136.072,432.45834,-3385.9883,-2799.1763,4462.388,-1381.168
0.596,8254.69,-6018.2617,4847.911,972.3908,2390.2139,3842.3752,5570.622,3663.3533,-1348.081,-1138.3523,432.7816,-3386.603,-2797.748,4462.8525,-1376.0775
0.597,8253.491,-6019.429,4847.3833,974.2638,2388.7932,3843.9487,5570.622,3663.4475,-1348.9617,-1140.633,433.1051,-3387.2183,-2796.3198,4463.317,-1370.9883
0.598,8252.291,-6020.597,4846.856,976.13635,2387.373,3845.5225,5570.6245,3663.5417,-1349.8423,-1142.9137,433.429,-3387.8323,-2794.892,4463.7827,-1365.9003
0.599,8251.092,-6021.7646,4846.328,978.00885,2385.953,3847.096,5570.625,3663.6357,-1350.7229,-1145.1938,433.75272,-3388.447,-2793.4646,4464.246,-1360.8115
0.6,8249.892,-6022.932,4845.8,979.8808,2384.5325,3848.6692,5570.6265,3663.73,-1351.6033,-1147.4728,434.0763,-3389.0618,-2792.0374,4464.7104,-1355.7247
