0.301,6583.8994,-2197.426,5437.0513,2838.9475,-1023.62604,1905.2876,25.537529,-214.34927,-160.93149,788.10785,-1755.2125,2324.5269,-1468.2596,-2124.7024,-2397.6038
0.302,6585.0474,-2197.2256,5434.6445,2838.2034,-1020.79034,1904.6198,27.158503,-214.8423,-160.3782,788.2947,-1755.3849,2322.6665,-1470.4681,-2122.9324,-2397.9211
0.303,6586.1963,-2197.0242,5432.238,2837.459,-1017.9519,1903.9513,28.780579,-215.33464,-159.82463,788.48157,-1755.5579,2320.805,-1472.6783,-2121.161,-2398.2385
0.304,6587.3457,-2196.8228,5429.8296,2836.7146,-1015.11017,1903.2822,30.404057,-215.82664,-159.27086,788.66864,-1755.7312,2318.9424,-1474.8901,-2119.387,-2398.5562
0.305,6588.496,-2196.621,5427.421,2835.97,-1012.2646,1902.6125,32.028538,-216.318,-158.7167,788.8557,-1755.9049,2317.0789,-1477.1036,-2117.611,-2398.874
0.306,6589.6475,-2196.419,5425.0107,2835.225,-1009.4165,1901.9424,33.654118,-216.8091,-158.16237,789.04297,-1756.0791,2315.2148,-1479.3186,-2115.8337,-2399.1921
0.307,6590.7993,-2196.2163,5422.5996,2834.48,-1006.56476,1901.2716,35.281,-217.29958,-157.60783,789.2302,-1756.2538,2313.3494,-1481.5354,-2114.054,-2399.5103
0.308,6591.9517,-2196.0137,5420.1875,2833.7349,-1003.7093,1900.6003,36.90903,-217.78966,-157.05292,789.4176,-1756.4287,2311.4832,-1483.7542,-2112.2727,-2399.8289
0.309,6593.105,-2195.8103,5417.775,2832.9897,-1000.85095,1899.9285,38.538166,-218.27908,-156.4978,789.6051,-1756.6042,2309.6162,-1485.974,-2110.489,-2400.1475
0.31,6594.26,-2195.607,5415.3604,2832.2444,-997.98987,1899.256,40.168503,-218.76814,-155.9424,789.7926,-1756.7802,2307.7478,-1488.1959,-2108.7039,-2400.466
0.311,6595.4146,-2195.4033,5412.946,2831.4988,-995.12463,1898.5829,41.80004,-219.25673,-155.38663,789.9802,-1756.9565,2305.8787,-1490.4194,-2106.9163,-2400.7852
0.312,6596.5703,-2195.199,5410.53,2830.7532,-992.2563,1897.9093,43.432728,-219.74489,-154.83066,790.168,-1757.1333,2304.0088,-1492.644,-2105.1272,-2401.1042
0.313,6597.7266,-2194.9944,5408.1123,2830.0073,-989.385,1897.2351,45.06657,-220.23251,-154.27449,790.35583,-1757.3105,2302.1377,-1494.8708,-2103.3364,-2401.4233
0.314,6598.884,-2194.79,5405.6943,2829.2615,-986.51025,1896.5603,46.70156,-220.71967,-153.71794,790.54376,-1757.4882,2300.2656,-1497.0992,-2101.5425,-2401.743
0.315,6600.0415,-2194.5847,5403.276,2828.5154,-983.6326,1895.885,48.337704,-221.2063,-153.1612,790.7318,-1757.6661,2298.3928,-1499.3292,-2099.7476,-2402.0625
0.316,6601.2007,-2194.3794,5400.856,2827.769,-980.75055,1895.2092,49.975098,-221.69249,-152.60417,790.9199,-1757.8446,2296.519,-1501.5608,-2097.9507,-2402.3823
0.317,6602.36,-2194.1736,5398.435,2827.0227,-977.86615,1894.5327,51.613594,-222.17804,-152.04686,791.10815,-1758.0237,2294.6445,-1503.7943,-2096.1516,-2402.7024
0.318,6603.52,-2193.9673,5396.0137,2826.2764,-974.97833,1893.8556,53.253292,-222.66309,-151.48924,791.2964,-1758.2029,2292.7683,-1506.0292,-2094.3506,-2403.0225
0.319,6604.681,-2193.7607,5393.5903,2825.5295,-972.08716,1893.178,54.89419,-223.14784,-150.93135,791.48486,-1758.3828,2290.8916,-1508.2659,-2092.5474,-2403.343
0.32,6605.843,-2193.5542,5391.167,2824.783,-969.1926,1892.4999,56.53609,-223.63171,-150.37337,791.67334,-1758.563,2289.0142,-1510.5042,-2090.743,-2403.6636
0.321,6607.0054,-2193.3474,5388.742,2824.0361,-966.2943,1891.8212,58.179394,-224.11568,-149.81491,791.8619,-1758.7438,2287.1355,-1512.7443,-2088.9358,-2403.9844
0.322,6608.169,-2193.1406,5386.3164,2823.289,-963.39386,1891.1418,59.823696,-224.59892,-149.25635,792.0506,-1758.9248,2285.2556,-1514.9857,-2087.1267,-2404.3052
0.323,6609.3325,-2192.9324,5383.8896,2822.5417,-960.4894,1890.462,61.46925,-225.0817,-148.69739,792.2394,-1759.1063,2283.3752,-1517.2289,-2085.3162,-2404.6262
0.324,6610.497,-2192.7244,5381.462,2821.7942,-957.58136,1889.7815,63.115856,-225.5638,-148.13826,792.4282,-1759.2882,2281.4937,-1519.4738,-2083.5032,-2404.9475
0.325,6611.663,-2192.5154,5379.033,2821.0469,-954.67035,1889.1005,64.763916,-226.04562,-147.57874,792.6172,-1759.4706,2279.6113,-1521.7205,-2081.6885,-2405.2688
0.326,6612.829,-2192.3071,5376.604,2820.2993,-951.75616,1888.4188,66.41287,-226.52695,-147.01912,792.8062,-1759.6534,2277.728,-1523.9681,-2079.872,-2405.5906
0.327,6613.996,-2192.0984,5374.1733,2819.5515,-948.8383,1887.7367,68.06308,-227.00769,-146.45912,792.99536,-1759.8367,2275.8435,-1526.2183,-2078.053,-2405.9124
0.328,6615.164,-2191.8892,5371.7417,2818.8037,-945.91736,1887.054,69.714645,-227.48775,-145.89893,793.1846,-1760.0204,2273.9583,-1528.4697,-2076.2324,-2406.2344
0.329,6616.3325,-2191.6792,5369.309,2818.0557,-942.99243,1886.3706,71.36696,-227.96751,-145.33835,793.3739,-1760.2045,2272.072,-1530.7229,-2074.41,-2406.5564
0.33,6617.502,-2191.4692,5366.8755,2817.3074,-940.0652,1885.6868,73.020775,-228.44687,-144.77757,793.5633,-1760.389,2270.185,-1532.9778,-2072.5854,-2406.8787
0.331,6618.672,-2191.2588,5364.441,2816.559,-937.1347,1885.0023,74.67569,-228.92567,-144.21652,793.7528,-1760.5741,2268.2966,-1535.2343,-2070.759,-2407.2012
0.332,6619.843,-2191.0486,5362.0054,2815.8108,-934.2003,1884.3173,76.331604,-229.40392,-143.65536,793.94244,-1760.7595,2266.4075,-1537.4924,-2068.9304,-2407.524
0.333,6621.014,-2190.8374,5359.569,2815.0623,-931.26337,1883.6317,77.988976,-229.88148,-143.09373,794.13214,-1760.9453,2264.5176,-1539.7522,-2067.1,-2407.8467
0.334,6622.1865,-2190.6262,5357.132,2814.3135,-928.32227,1882.9456,79.64739,-230.3586,-142.53201,794.3219,-1761.1316,2262.6265,-1542.0137,-2065.2676,-2408.17
0.335,6623.3594,-2190.4148,5354.693,2813.5645,-925.3785,1882.2588,81.306816,-230.83545,-141.9698,794.5118,-1761.3184,2260.7344,-1544.2767,-2063.433,-2408.4932
0.336,6624.5337,-2190.203,5352.254,2812.8157,-922.43097,1881.5715,82.967636,-231.31154,-141.4076,794.7018,-1761.5054,2258.8416,-1546.5414,-2061.597,-2408.8164
0.337,6625.708,-2189.9905,5349.8135,2812.0664,-919.4799,1880.8837,84.62956,-231.78734,-140.845,794.89185,-1761.693,2256.9478,-1548.8079,-2059.758,-2409.1401
0.338,6626.8833,-2189.7773,5347.3726,2811.3174,-916.52576,1880.1952,86.29274,-232.26271,-140.28203,795.08203,-1761.8811,2255.053,-1551.0759,-2057.918,-2409.4636
0.339,6628.0596,-2189.565,5344.9297,2810.5679,-913.5687,1879.5062,87.95692,-232.73741,-139.71887,795.2723,-1762.0695,2253.1572,-1553.3456,-2056.0757,-2409.7876
0.34,6629.2363,-2189.352,5342.4863,2809.8184,-910.60803,1878.8167,89.62229,-233.21184,-139.1555,795.46265,-1762.2584,2251.2607,-1555.6171,-2054.2312,-2410.1118
0.341,6630.414,-2189.1382,5340.042,2809.0686,-907.6434,1878.1265,91.28908,-233.68536,-138.59186,795.6531,-1762.4476,2249.3628,-1557.8903,-2052.3853,-2410.436
0.342,6631.592,-2188.9243,5337.5967,2808.3186,-904.67584,1877.4357,92.95681,-234.15877,-138.02792,795.8436,-1762.6375,2247.4644,-1560.1646,-2050.5369,-2410.7605
0.343,6632.771,-2188.7102,5335.151,2807.5688,-901.7054,1876.7444,94.62559,-234.63118,-137.4637,796.03424,-1762.8276,2245.5647,-1562.441,-2048.6868,-2411.0852
0.344,6633.9507,-2188.4954,5332.703,2806.8188,-898.73193,1876.0526,96.29582,-235.10347,-136.89929,796.225,-1763.0182,2243.664,-1564.7191,-2046.8345,-2411.41
0.345,6635.1313,-2188.2808,5330.256,2806.0686,-895.75433,1875.3601,97.96701,-235.57524,-136.3346,796.4158,-1763.2094,2241.763,-1566.9985,-2044.9803,-2411.7349
0.346,6636.3125,-2188.0657,5327.8066,2805.3184,-892.774,1874.6672,99.63945,-236.04636,-135.7697,796.6067,-1763.4008,2239.8604,-1569.2798,-2043.1243,-2412.06
0.347,6637.4946,-2187.8499,5325.3564,2804.5679,-889.78986,1873.9736,101.31319,-236.51721,-135.20451,796.7977,-1763.5925,2237.957,-1571.5629,-2041.2661,-2412.3855
0.348,6638.6777,-2187.6345,5322.906,2803.8174,-886.8029,1873.2795,102.98782,-236.9872,-134.63905,796.98883,-1763.7849,2236.0527,-1573.8475,-2039.4059,-2412.711
0.349,6639.8613,-2187.418,5320.453,2803.0667,-883.8119,1872.5847,104.66392,-237.45691,-134.0732,797.18,-1763.9778,2234.1475,-1576.1338,-2037.544,-2413.0366
0.35,6641.0454,-2187.2017,5318.0005,2802.3157,-880.8184,1871.8895,106.34096,-237.92618,-133.50725,797.3713,-1764.1709,2232.2415,-1578.4216,-2035.6797,-2413.3625
0.351,6642.23,-2186.985,5315.546,2801.5647,-877.82074,1871.1936,108.019356,-238.39467,-132.94102,797.5627,-1764.3646,2230.3345,-1580.7112,-2033.8138,-2413.6887
0.352,6643.416,-2186.7683,5313.0913,2800.8137,-874.8201,1870.4972,109.69885,-238.86273,-132.3745,797.75415,-1764.5587,2228.426,-1583.0024,-2031.9457,-2414.015
0.353,6644.6025,-2186.5503,5310.6353,2800.0625,-871.8167,1869.8003,111.379295,-239.33047,-131.80779,797.94574,-1764.7532,2226.5176,-1585.2953,-2030.0754,-2414.3413
0.354,6645.79,-2186.3328,5308.178,2799.311,-868.80927,1869.1028,113.06115,-239.79756,-131.24068,798.1374,-1764.948,2224.608,-1587.5897,-2028.2036,-2414.6677
0.355,6646.978,-2186.1147,5305.7207,2798.5596,-865.79846,1868.4047,114.744194,-240.264,-130.67339,798.32916,-1765.1434,2222.6965,-1589.8859,-2026.3297,-2414.9946
0.356,6648.1665,-2185.8965,5303.261,2797.8079,-862.78467,1867.7059,116.42835,-240.73024,-130.10582,798.52106,-1765.3392,2220.7847,-1592.184,-2024.4534,-2415.3215
0.357,6649.356,-2185.6777,5300.8013,2797.0562,-859.76776,1867.0066,118.1137,-241.19566,-129.53804,798.71295,-1765.5355,2218.8723,-1594.4833,-2022.5753,-2415.6487
0.358,6650.5464,-2185.4585,5298.341,2796.3044,-856.7465,1866.3068,119.800255,-241.66081,-128.9699,798.905,-1765.7323,2216.9583,-1596.7845,-2020.6954,-2415.9758
0.359,6651.7373,-2185.239,5295.879,2795.5522,-853.7231,1865.6064,121.487816,-242.12547,-128.40164,799.0971,-1765.9292,2215.0437,-1599.0872,-2018.8135,-2416.3032
0.36,6652.9287,-2185.0193,5293.4165,2794.8,-850.69586,1864.9055,123.17672,-242.58932,-127.83311,799.28937,-1766.1267,2213.1282,-1601.3916,-2016.9298,-2416.631
0.361,6654.121,-2184.7996,5290.9526,2794.0479,-847.66516,1864.204,124.86653,-243.05292,-127.26428,799.4817,-1766.3247,2211.2117,-1603.6976,-2015.0437,-2416.9587
0.362,6655.3145,-2184.5796,5288.488,2793.2957,-844.6314,1863.502,126.55764,-243.51598,-126.69517,799.67413,-1766.5231,2209.2942,-1606.0055,-2013.1555,-2417.2869
0.363,6656.5083,-2184.3584,5286.022,2792.543,-841.5944,1862.7993,128.2501,-243.9785,-126.12577,799.86664,-1766.7219,2207.376,-1608.315,-2011.2657,-2417.615
0.364,6657.703,-2184.1372,5283.555,2791.7903,-838.5537,1862.0961,129.94356,-244.44016,-125.556274,800.0592,-1766.9211,2205.4565,-1610.6259,-2009.3739,-2417.9434
0.365,6658.8984,-2183.916,5281.088,2791.0374,-835.5095,1861.3923,131.63828,-244.9018,-124.98639,800.25195,-1767.1207,2203.536,-1612.9386,-2007.4797,-2418.2717
0.366,6660.094,-2183.6953,5278.6196,2790.2847,-832.4624,1860.6879,133.33405,-245.36256,-124.41622,800.44476,-1767.3209,2201.6152,-1615.2528,-2005.584,-2418.6006
0.367,6661.291,-2183.4731,5276.1504,2789.5315,-829.4124,1859.983,135.03107,-245.82304,-123.84586,800.63763,-1767.5215,2199.6926,-1617.569,-2003.6862,-2418.9294
0.368,6662.489,-2183.2505,5273.679,2788.7786,-826.3581,1859.2775,136.72923,-246.28276,-123.275215,800.8306,-1767.7224,2197.7698,-1619.8867,-2001.786,-2419.2583
0.369,6663.687,-2183.0283,5271.208,2788.0254,-823.3011,1858.5714,138.4284,-246.742,-122.70438,801.02374,-1767.924,2195.846,-1622.2058,-1999.8843,-2419.5876
0.37,6664.886,-2182.8052,5268.736,2787.2717,-820.2409,1857.8649,140.12901,-247.20096,-122.133255,801.2169,-1768.1257,2193.921,-1624.5269,-1997.9805,-2419.917
0.371,6666.0854,-2182.5818,5266.262,2786.5183,-817.1767,1857.1577,141.83069,-247.65933,-121.561935,801.41016,-1768.3279,2191.9949,-1626.8492,-1996.0745,-2420.2466
0.372,6667.286,-2182.3584,5263.7876,2785.7646,-814.1091,1856.45,143.53357,-248.11705,-120.990234,801.6036,-1768.5306,2190.068,-1629.1735,-1994.1664,-2420.5762
0.373,6668.488,-2182.1345,5261.312,2785.011,-811.0392,1855.7416,145.23749,-248.57451,-120.418335,801.797,-1768.7338,2188.1404,-1631.4996,-1992.2567,-2420.9062
0.374,6669.6895,-2181.911,5258.836,2784.2568,-807.9649,1855.0327,146.94267,-249.03096,-119.84616,801.99054,-1768.9374,2186.212,-1633.827,-1990.3447,-2421.2363
0.375,6670.892,-2181.686,5256.3584,2783.503,-804.88776,1854.3232,148.64896,-249.48727,-119.27388,802.1842,-1769.1415,2184.282,-1636.1561,-1988.4313,-2421.5664
0.376,6672.0957,-2181.4614,5253.8804,2782.7488,-801.8077,1853.6133,150.35632,-249.94301,-118.70122,802.3779,-1769.3458,2182.3516,-1638.487,-1986.5151,-2421.897
0.377,6673.3,-2181.236,5251.4014,2781.9946,-798.72406,1852.9027,152.06502,-250.39827,-118.12827,802.5718,-1769.5505,2180.4202,-1640.8195,-1984.5973,-2422.2275
0.378,6674.505,-2181.0105,5248.921,2781.2402,-795.6363,1852.1915,153.77484,-250.8528,-117.55513,802.7657,-1769.7559,2178.488,-1643.1536,-1982.6776,-2422.5583
0.379,6675.7104,-2180.785,5246.44,2780.4856,-792.5462,1851.4799,155.48582,-251.30688,-116.9818,802.9598,-1769.9617,2176.5544,-1645.4895,-1980.7552,-2422.8894
0.38,6676.9165,-2180.5586,5243.9575,2779.731,-789.452,1850.7676,157.19812,-251.76053,-116.40818,803.1539,-1770.1678,2174.6204,-1647.8268,-1978.8317,-2423.2205
0.381,6678.1235,-2180.332,5241.475,2778.9763,-786.3545,1850.0548,158.91125,-252.21344,-115.83427,803.3481,-1770.3743,2172.6848,-1650.1659,-1976.9058,-2423.5518
0.382,6679.3315,-2180.1055,5238.9907,2778.2214,-783.2541,1849.3414,160.62573,-252.66597,-115.26007,803.5424,-1770.5813,2170.749,-1652.5066,-1974.9781,-2423.8833
0.383,6680.5396,-2179.8782,5236.5054,2777.4663,-780.1502,1848.6274,162.34138,-253.11801,-114.68578,803.7368,-1770.7888,2168.8123,-1654.8486,-1973.0482,-2424.2148
0.384,6681.749,-2179.6511,5234.0195,2776.7112,-777.0429,1847.9128,164.05823,-253.56949,-114.111015,803.93134,-1770.9966,2166.8735,-1657.1927,-1971.1165,-2424.5466
0.385,6682.959,-2179.4236,5231.5327,2775.956,-773.93243,1847.1979,165.77606,-254.02043,-113.53615,804.1259,-1771.205,2164.935,-1659.5382,-1969.183,-2424.8787
0.386,6684.17,-2179.1953,5229.0444,2775.2007,-770.8197,1846.4823,167.49525,-254.47105,-112.96099,804.3206,-1771.4136,2162.9954,-1661.8857,-1967.2467,-2425.211
0.387,6685.381,-2178.967,5226.5566,2774.445,-767.7013,1845.766,169.2156,-254.9208,-112.38564,804.5154,-1771.6228,2161.0544,-1664.2343,-1965.3093,-2425.5432
0.388,6686.5933,-2178.7388,5224.0664,2773.6897,-764.5818,1845.0493,170.93695,-255.37016,-111.81001,804.7103,-1771.8323,2159.113,-1666.5848,-1963.3693,-2425.8757
0.389,6687.8057,-2178.5098,5221.5757,2772.934,-761.4576,1844.3319,172.65955,-255.81886,-111.234085,804.9053,-1772.0424,2157.17,-1668.9373,-1961.4271,-2426.2085
0.39,6689.0195,-2178.2808,5219.0835,2772.178,-758.3302,1843.614,174.3833,-256.26724,-110.657974,805.10034,-1772.2528,2155.2268,-1671.2911,-1959.4835,-2426.5413
0.391,6690.234,-2178.0513,5216.591,2771.422,-755.1998,1842.8956,176.10815,-256.71503,-110.08157,805.29553,-1772.4636,2153.2822,-1673.6464,-1957.5375,-2426.8743
0.392,6691.4487,-2177.821,5214.097,2770.666,-752.06616,1842.1766,177.83435,-257.16217,-109.50498,805.4908,-1772.6749,2151.337,-1676.0034,-1955.5898,-2427.2075
0.393,6692.664,-2177.5913,5211.6025,2769.91,-748.9293,1841.457,179.56155,-257.6091,-108.9281,805.68616,-1772.8866,2149.3906,-1678.3622,-1953.6401,-2427.5408
0.394,6693.8804,-2177.3604,5209.1074,2769.1536,-745.78845,1840.7369,181.28992,-258.0551,-108.35103,805.8816,-1773.0988,2147.4434,-1680.7227,-1951.6881,-2427.8745
0.395,6695.0977,-2177.129,5206.611,2768.3972,-742.6447,1840.0162,183.01952,-258.5007,-107.77367,806.07715,-1773.3114,2145.4954,-1683.0846,-1949.7345,-2428.208
0.396,6696.316,-2176.899,5204.113,2767.6406,-739.498,1839.295,184.75012,-258.94592,-107.19592,806.27277,-1773.5244,2143.5464,-1685.4481,-1947.7783,-2428.542
0.397,6697.534,-2176.6667,5201.6147,2766.884,-736.3474,1838.5731,186.48204,-259.39062,-106.61808,806.4685,-1773.7378,2141.5967,-1687.8134,-1945.8207,-2428.876
0.398,6698.7534,-2176.4346,5199.115,2766.1272,-733.1932,1837.8508,188.21515,-259.83435,-106.040146,806.66437,-1773.9517,2139.6455,-1690.1804,-1943.8608,-2429.2102
0.399,6699.9736,-2176.2031,5196.615,2765.3706,-730.0366,1837.1279,189.94916,-260.27798,-105.46173,806.8602,-1774.166,2137.6938,-1692.5487,-1941.8992,-2429.5447
0.4,6701.1943,-2175.9705,5194.114,2764.6133,-726.8762,1836.4044,191.68448,-260.72086,-104.883125,807.05634,-1774.3805,2135.7412,-1694.919,-1939.935,-2429.8794
0.401,6702.4155,-2175.738,5191.6113,2763.8562,-723.7124,1835.6804,193.42104,-261.16348,-104.30423,807.25244,-1774.5957,2133.7874,-1697.2909,-1937.9692,-2430.214
0.402,6703.6377,-2175.5044,5189.108,2763.0989,-720.54535,1834.9558,195.15875,-261.60522,-103.725235,807.44867,-1774.8113,2131.833,-1699.6643,-1936.0016,-2430.549
0.403,6704.8604,-2175.2717,5186.604,2762.3416,-717.37463,1834.2307,196.89752,-262.04678,-103.14596,807.64496,-1775.0272,2129.8774,-1702.0393,-1934.0316,-2430.884
0.404,6706.084,-2175.0378,5184.099,2761.5842,-714.2009,1833.505,198.63739,-262.48767,-102.56639,807.8414,-1775.2438,2127.9211,-1704.416,-1932.0599,-2431.2192
0.405,6707.308,-2174.8035,5181.5923,2760.8267,-711.0247,1832.7788,200.37846,-262.9279,-101.98654,808.03784,-1775.4606,2125.9639,-1706.7943,-1930.0862,-2431.5547
0.406,6708.533,-2174.5696,5179.086,2760.069,-707.8441,1832.052,202.12074,-263.36758,-101.406494,808.2345,-1775.6777,2124.0059,-1709.1741,-1928.1104,-2431.8904
0.407,6709.759,-2174.3347,5176.5776,2759.3113,-704.6597,1831.3245,203.8643,-263.80682,-100.82616,808.43115,-1775.8955,2122.0466,-1711.5559,-1926.1324,-2432.226
0.408,6710.9854,-2174.1003,5174.069,2758.5535,-701.4735,1830.5967,205.60864,-264.24548,-100.24573,808.6279,-1776.1136,2120.087,-1713.939,-1924.1527,-2432.562
0.409,6712.2124,-2173.8643,5171.5596,2757.7952,-698.28284,1829.868,207.3545,-264.68356,-99.66492,808.8248,-1776.3322,2118.126,-1716.3237,-1922.1709,-2432.8982
0.41,6713.44,-2173.6292,5169.0483,2757.037,-695.0892,1829.1392,209.1014,-265.12134,-99.08391,809.0218,-1776.551,2116.164,-1718.7103,-1920.1871,-2433.2344
0.411,6714.6685,-2173.393,5166.5366,2756.2788,-691.8919,1828.4094,210.84937,-265.5583,-98.50262,809.2189,-1776.7705,2114.2012,-1721.0983,-1918.2014,-2433.5708
0.412,6715.8975,-2173.1572,5164.024,2755.5205,-688.6921,1827.6793,212.59834,-265.9949,-97.921234,809.416,-1776.9904,2112.2375,-1723.4879,-1916.2135,-2433.9075
0.413,6717.1274,-2172.9204,5161.5103,2754.7622,-685.4888,1826.9487,214.34874,-266.43085,-97.339455,809.6133,-1777.2103,2110.273,-1725.8792,-1914.224,-2434.2444
0.414,6718.358,-2172.684,5158.9956,2754.0034,-682.2816,1826.2174,216.10027,-266.86636,-96.75749,809.81067,-1777.4312,2108.3076,-1728.2722,-1912.232,-2434.5813
0.415,6719.5894,-2172.4468,5156.48,2753.2449,-679.0719,1825.4856,217.8529,-267.3013,-96.17534,810.0081,-1777.6522,2106.3413,-1730.6669,-1910.2382,-2434.9185
0.416,6720.8213,-2172.209,5153.9634,2752.486,-675.8578,1824.7533,219.60654,-267.73557,-95.592896,810.2056,-1777.8737,2104.3743,-1733.063,-1908.2424,-2435.2556
0.417,6722.0537,-2171.9717,5151.4463,2751.7273,-672.64136,1824.0203,221.36153,-268.1694,-95.01016,810.4033,-1778.0957,2102.406,-1735.4607,-1906.2449,-2435.593
0.418,6723.287,-2171.7334,5148.9272,2750.9683,-669.421,1823.2869,223.11757,-268.60297,-94.42724,810.601,-1778.318,2100.4365,-1737.8601,-1904.245,-2435.9307
0.419,6724.5215,-2171.4954,5146.408,2750.209,-666.19727,1822.5529,224.8748,-269.03574,-93.84403,810.7988,-1778.5408,2098.4666,-1740.2611,-1902.2433,-2436.2686
0.42,6725.756,-2171.2568,5143.8877,2749.45,-662.9709,1821.8182,226.63304,-269.46796,-93.26063,810.9968,-1778.7639,2096.496,-1742.6638,-1900.2393,-2436.6064
0.421,6726.9917,-2171.0176,5141.3667,2748.6907,-659.74146,1821.0833,228.39249,-269.8996,-92.67703,811.19476,-1778.9875,2094.5244,-1745.0681,-1898.2336,-2436.9446
0.422,6728.2275,-2170.7778,5138.844,2747.9312,-656.50775,1820.3475,230.15303,-270.33072,-92.09315,811.39294,-1779.2117,2092.5515,-1747.4736,-1896.226,-2437.283
0.423,6729.4644,-2170.5386,5136.321,2747.1714,-653.27094,1819.6113,231.91502,-270.76135,-91.50908,811.5911,-1779.436,2090.578,-1749.8815,-1894.2162,-2437.6213
0.424,6730.702,-2170.2988,5133.7974,2746.4119,-650.03125,1818.8746,233.67773,-271.19128,-90.92481,811.7895,-1779.661,2088.6035,-1752.2903,-1892.2043,-2437.96
0.425,6731.9404,-2170.0586,5131.272,2745.652,-646.78827,1818.1372,235.44193,-271.62094,-90.340164,811.9879,-1779.8861,2086.6282,-1754.7012,-1890.1904,-2438.2988
0.426,6733.179,-2169.8179,5128.7466,2744.8923,-643.54156,1817.3994,237.20692,-272.05,-89.75542,812.18634,-1780.112,2084.652,-1757.1134,-1888.175,-2438.638
0.427,6734.419,-2169.5774,5126.219,2744.1323,-640.2919,1816.661,238.97324,-272.47833,-89.17039,812.38495,-1780.338,2082.6748,-1759.5272,-1886.1573,-2438.977
0.428,6735.659,-2169.3362,5123.6914,2743.3723,-637.0386,1815.922,240.74074,-272.90628,-88.58506,812.5836,-1780.5647,2080.697,-1761.9427,-1884.1378,-2439.3164
0.429,6736.9,-2169.0945,5121.162,2742.612,-633.78204,1815.1825,242.50934,-273.3335,-87.99965,812.7824,-1780.7916,2078.7178,-1764.3601,-1882.1158,-2439.6558
0.43,6738.1416,-2168.8528,5118.633,2741.8518,-630.5228,1814.4424,244.27899,-273.76065,-87.41385,812.98126,-1781.019,2076.7383,-1766.7784,-1880.0925,-2439.9954
0.431,6739.3843,-2168.611,5116.102,2741.0916,-627.26013,1813.7019,246.04974,-274.18686,-86.82785,813.18024,-1781.247,2074.7573,-1769.199,-1878.0665,-2440.3352
0.432,6740.6274,-2168.3682,5113.5703,2740.3308,-623.99347,1812.9607,247.82196,-274.61246,-86.24167,813.37933,-1781.4751,2072.776,-1771.6211,-1876.0391,-2440.675
0.433,6741.8706,-2168.1257,5111.038,2739.5703,-620.7241,1812.2191,249.59506,-275.0379,-85.6553,813.5785,-1781.7036,2070.7937,-1774.0444,-1874.0094,-2441.0151
0.434,6743.115,-2167.883,5108.5044,2738.8096,-617.4515,1811.4768,251.36923,-275.46252,-85.068535,813.7778,-1781.9329,2068.8103,-1776.4696,-1871.9777,-2441.3555
0.435,6744.36,-2167.6392,5105.97,2738.0488,-614.1749,1810.7341,253.14459,-275.8865,-84.48168,813.9772,-1782.1622,2066.8257,-1778.8961,-1869.9445,-2441.696
0.436,6745.606,-2167.396,5103.4346,2737.2878,-610.8959,1809.9907,254.9212,-276.3102,-83.89454,814.1766,-1782.3922,2064.8408,-1781.3247,-1867.9086,-2442.0366
0.437,6746.8525,-2167.1519,5100.899,2736.5269,-607.6124,1809.2468,256.69882,-276.73297,-83.307205,814.37616,-1782.6224,2062.8547,-1783.7545,-1865.871,-2442.3774
0.438,6748.0996,-2166.9082,5098.362,2735.7659,-604.3271,1808.5024,258.4776,-277.15558,-82.71958,814.57574,-1782.8533,2060.868,-1786.186,-1863.8314,-2442.7183
0.439,6749.347,-2166.6636,5095.823,2735.0046,-601.0381,1807.7576,260.25745,-277.5778,-82.13177,814.77545,-1783.0845,2058.8801,-1788.6193,-1861.7897,-2443.0596
0.44,6750.596,-2166.4182,5093.284,2734.2434,-597.74554,1807.012,262.0385,-277.99905,-81.54376,814.9753,-1783.316,2056.8916,-1791.0538,-1859.7467,-2443.401
0.441,6751.8447,-2166.1733,5090.744,2733.482,-594.4497,1806.266,263.82065,-278.41986,-80.95547,815.1753,-1783.5479,2054.902,-1793.4902,-1857.7006,-2443.7422
0.442,6753.0947,-2165.9277,5088.203,2732.7205,-591.1503,1805.5194,265.60403,-278.84033,-80.36698,815.37524,-1783.7803,2052.9114,-1795.9281,-1855.6537,-2444.084
0.443,6754.345,-2165.6821,5085.6616,2731.9587,-587.8485,1804.7723,267.38846,-279.2599,-79.778305,815.5754,-1784.0132,2050.9202,-1798.3676,-1853.6039,-2444.4258
0.444,6755.596,-2165.4358,5083.1187,2731.197,-584.54254,1804.0247,269.17398,-279.67914,-79.18934,815.77563,-1784.2465,2048.9282,-1800.8086,-1851.5527,-2444.7676
0.445,6756.848,-2165.19,5080.575,2730.435,-581.2337,1803.2765,270.96075,-280.0978,-78.60008,815.97595,-1784.48,2046.9348,-1803.2515,-1849.499,-2445.1096
0.446,6758.1006,-2164.9434,5078.0303,2729.6733,-577.9225,1802.5278,272.7484,-280.5161,-78.010735,816.1763,-1784.7141,2044.9413,-1805.6954,-1847.4437,-2445.452
0.447,6759.354,-2164.6963,5075.4854,2728.9114,-574.60706,1801.7786,274.5373,-280.93362,-77.4211,816.37683,-1784.9485,2042.9464,-1808.1412,-1845.3864,-2445.7944
0.448,6760.608,-2164.449,5072.9385,2728.1492,-571.288,1801.0287,276.32748,-281.35086,-76.83118,816.5774,-1785.1833,2040.9507,-1810.5886,-1843.3269,-2446.137
0.449,6761.8623,-2164.2012,5070.391,2727.387,-567.966,1800.2783,278.11865,-281.76715,-76.24116,816.778,-1785.4186,2038.9537,-1813.0375,-1841.2657,-2446.4797
0.45,6763.1177,-2163.954,5067.843,2726.6248,-564.6411,1799.5275,279.9108,-282.1833,-75.65085,816.9789,-1785.6544,2036.9565,-1815.4883,-1839.2025,-2446.8228
0.451,6764.3735,-2163.7058,5065.2935,2725.8623,-561.31287,1798.776,281.7042,-282.5986,-75.06025,817.1797,-1785.8905,2034.9584,-1817.9402,-1837.1371,-2447.1658
0.452,6765.63,-2163.4568,5062.743,2725.0999,-557.98157,1798.0242,283.4988,-283.0136,-74.46956,817.3807,-1786.127,2032.9594,-1820.3939,-1835.0702,-2447.509
0.453,6766.887,-2163.2083,5060.192,2724.3372,-554.6467,1797.2717,285.29434,-283.42786,-73.87858,817.5817,-1786.3639,2030.9595,-1822.8492,-1833.0006,-2447.8523
0.454,6768.1445,-2162.9595,5057.6406,2723.5745,-551.30835,1796.5187,287.09103,-283.84174,-73.28741,817.7829,-1786.6014,2028.9585,-1825.3062,-1830.9296,-2448.196
0.455,6769.4033,-2162.7097,5055.0874,2722.8118,-547.96704,1795.7651,288.88895,-284.2551,-72.69595,817.98413,-1786.8391,2026.9569,-1827.7644,-1828.8564,-2448.5396
0.456,6770.6626,-2162.4604,5052.5337,2722.0488,-544.6228,1795.011,290.68787,-284.6677,-72.1043,818.1855,-1787.0773,2024.9539,-1830.2246,-1826.7812,-2448.8835
0.457,6771.9224,-2162.2104,5049.979,2721.286,-541.27484,1794.2563,292.48816,-285.07986,-71.51246,818.3869,-1787.3159,2022.9508,-1832.6862,-1824.7041,-2449.2275
0.458,6773.183,-2161.9602,5047.423,2720.5227,-537.92365,1793.5012,294.28928,-285.4917,-70.920235,818.58844,-1787.5548,2020.9462,-1835.1493,-1822.6252,-2449.5718
0.459,6774.444,-2161.7095,5044.8667,2719.7595,-534.5695,1792.7456,296.0916,-285.9027,-70.32791,818.7901,-1787.7942,2018.941,-1837.6139,-1820.5442,-2449.9163
0.46,6775.7056,-2161.4587,5042.309,2718.9966,-531.2119,1791.9894,297.89496,-286.3132,-69.73549,818.9918,-1788.034,2016.935,-1840.0802,-1818.4613,-2450.2607
0.461,6776.9683,-2161.2073,5039.751,2718.233,-527.8509,1791.2325,299.69946,-286.72336,-69.14269,819.1936,-1788.2743,2014.9281,-1842.548,-1816.3766,-2450.6055
0.462,6778.2314,-2160.956,5037.1914,2717.4697,-524.48724,1790.4753,301.50522,-287.13266,-68.5497,819.3955,-1788.5149,2012.9202,-1845.0173,-1814.2897,-2450.9502
0.463,6779.495,-2160.7036,5034.6313,2716.706,-521.1196,1789.7175,303.31186,-287.54172,-67.95651,819.59753,-1788.7559,2010.9119,-1847.4883,-1812.2009,-2451.2952
0.464,6780.7593,-2160.4526,5032.0703,2715.9424,-517.7495,1788.9592,305.11966,-287.9499,-67.36314,819.7997,-1788.9973,2008.9025,-1849.9608,-1810.1099,-2451.6404
0.465,6782.0244,-2160.1997,5029.5083,2715.1787,-514.37573,1788.2003,306.9288,-288.35794,-66.76947,820.00183,-1789.2391,2006.8917,-1852.4349,-1808.0171,-2451.9858
0.466,6783.2905,-2159.947,5026.9453,2714.415,-510.9989,1787.441,308.7387,-288.76508,-66.17571,820.2041,-1789.4814,2004.8809,-1854.9106,-1805.9226,-2452.3313
0.467,6784.5566,-2159.694,5024.3813,2713.6511,-507.6194,1786.681,310.54987,-289.1718,-65.581566,820.4065,-1789.724,2002.8687,-1857.3877,-1803.8258,-2452.6768
0.468,6785.8237,-2159.441,5021.817,2712.8872,-504.23553,1785.9207,312.3621,-289.57825,-64.98733,820.609,-1789.967,2000.8558,-1859.8663,-1801.7273,-2453.0227
0.469,6787.0913,-2159.188,5019.251,2712.123,-500.84988,1785.1597,314.17538,-289.9838,-64.3928,820.8115,-1790.2106,1998.8418,-1862.3467,-1799.6266,-2453.3687
0.47,6788.36,-2158.934,5016.6846,2711.3586,-497.46005,1784.3982,315.99005,-290.38904,-63.798077,821.01416,-1790.4543,1996.8276,-1864.8285,-1797.5243,-2453.7146
0.471,6789.6284,-2158.6797,5014.117,2710.5945,-494.06693,1783.6361,317.80536,-290.7935,-63.203262,821.217,-1790.6987,1994.8123,-1867.3119,-1795.4198,-2454.061
0.472,6790.8984,-2158.4253,5011.549,2709.83,-490.67117,1782.8737,319.62192,-291.19775,-62.607967,821.4198,-1790.9434,1992.7958,-1869.7965,-1793.3134,-2454.4075
0.473,6792.1685,-2158.171,5008.9795,2709.066,-487.27167,1782.1106,321.4397,-291.60123,-62.012672,821.62274,-1791.1885,1990.7788,-1872.2832,-1791.2054,-2454.754
0.474,6793.4395,-2157.916,5006.409,2708.3013,-483.86914,1781.347,323.25854,-292.004,-61.41709,821.8258,-1791.434,1988.7609,-1874.7711,-1789.0947,-2455.1008
0.475,6794.711,-2157.66,5003.8384,2707.5366,-480.4637,1780.583,325.07846,-292.40637,-60.821316,822.02893,-1791.6798,1986.7421,-1877.2607,-1786.9827,-2455.4475
0.476,6795.983,-2157.4048,5001.2666,2706.772,-477.05475,1779.8184,326.89944,-292.80838,-60.22535,822.2321,-1791.9261,1984.7224,-1879.7516,-1784.8684,-2455.7947
0.477,6797.256,-2157.1487,4998.694,2706.007,-473.6428,1779.0532,328.72156,-293.2096,-59.629093,822.4354,-1792.1727,1982.702,-1882.2441,-1782.7524,-2456.1418
0.478,6798.5293,-2156.8926,4996.12,2705.2422,-470.22726,1778.2875,330.54483,-293.61038,-59.032745,822.6389,-1792.4198,1980.6808,-1884.7384,-1780.6344,-2456.4893
0.479,6799.803,-2156.6362,4993.5454,2704.4773,-466.80978,1777.5214,332.36905,-294.01056,-58.436108,822.84235,-1792.6674,1978.6583,-1887.2339,-1778.5144,-2456.8367
0.48,6801.078,-2156.3794,4990.969,2703.7122,-463.38806,1776.7546,334.19437,-294.41064,-57.83918,823.04596,-1792.9152,1976.6355,-1889.7311,-1776.3927,-2457.1843
0.481,6802.3535,-2156.1226,4988.3936,2702.947,-459.96317,1775.9874,336.0208,-294.80963,-57.242256,823.24963,-1793.1636,1974.6117,-1892.23,-1774.2686,-2457.5322
0.482,6803.6294,-2155.865,4985.816,2702.182,-456.53537,1775.2197,337.8484,-295.20816,-56.64485,823.4534,-1793.4121,1972.5872,-1894.7302,-1772.1431,-2457.8801
0.483,6804.906,-2155.608,4983.2373,2701.4165,-453.10425,1774.4514,339.677,-295.60638,-56.047348,823.65735,-1793.6613,1970.5615,-1897.232,-1770.0151,-2458.2283
0.484,6806.183,-2155.3494,4980.6587,2700.6511,-449.67017,1773.6827,341.50662,-296.00394,-55.449753,823.86127,-1793.9106,1968.535,-1899.7354,-1767.8859,-2458.5767
0.485,6807.461,-2155.0913,4978.0786,2699.8855,-446.2329,1772.9135,343.33752,-296.401,-54.851868,824.06537,-1794.1605,1966.508,-1902.2401,-1765.7542,-2458.925
0.486,6808.7393,-2154.8328,4975.4976,2699.12,-442.79227,1772.1437,345.16928,-296.7974,-54.253696,824.2695,-1794.4108,1964.48,-1904.7465,-1763.6206,-2459.2737
0.487,6810.0186,-2154.5742,4972.916,2698.3545,-439.34854,1771.3734,347.0023,-297.19354,-53.65543,824.4737,-1794.6614,1962.4512,-1907.2542,-1761.4854,-2459.6223
0.488,6811.2983,-2154.3152,4970.3335,2697.5886,-435.902,1770.6025,348.83615,-297.58893,-53.05697,824.67804,-1794.9125,1960.4219,-1909.7638,-1759.3478,-2459.9712
0.489,6812.5786,-2154.056,4967.75,2696.8228,-432.4519,1769.8312,350.6713,-297.98386,-52.458126,824.8825,-1795.1638,1958.3912,-1912.2744,-1757.2089,-2460.3203
0.49,6813.8594,-2153.7961,4965.1655,2696.057,-428.99936,1769.0594,352.5074,-298.37823,-51.859184,825.08704,-1795.4158,1956.36,-1914.7869,-1755.0677,-2460.6694
0.491,6815.141,-2153.5361,4962.58,2695.291,-425.54266,1768.287,354.34457,-298.77194,-51.26015,825.2917,-1795.668,1954.328,-1917.3009,-1752.9247,-2461.019
0.492,6816.4233,-2153.2761,4959.994,2694.525,-422.08344,1767.5142,356.18292,-299.16516,-50.660732,825.49634,-1795.9205,1952.295,-1919.8163,-1750.7797,-2461.3684
0.493,6817.7065,-2153.0154,4957.407,2693.7588,-418.62143,1766.7408,358.0222,-299.558,-50.06112,825.7012,-1796.1736,1950.2615,-1922.3331,-1748.633,-2461.718
0.494,6818.9897,-2152.7546,4954.8193,2692.9927,-415.15582,1765.967,359.86258,-299.95,-49.46151,825.90607,-1796.4271,1948.2268,-1924.8513,-1746.4844,-2462.0679
0.495,6820.274,-2152.4934,4952.2305,2692.2263,-411.68707,1765.1925,361.70413,-300.3417,-48.861515,826.1111,-1796.6808,1946.1917,-1927.3715,-1744.3335,-2462.4177
0.496,6821.5586,-2152.2322,4949.641,2691.4597,-408.2154,1764.4177,363.54663,-300.733,-48.26133,826.31616,-1796.9349,1944.1553,-1929.8928,-1742.1809,-2462.768
0.497,6822.8438,-2151.9702,4947.0503,2690.6934,-404.73984,1763.6423,365.3903,-301.1235,-47.66095,826.5213,-1797.1896,1942.1183,-1932.4155,-1740.0264,-2463.1182
0.498,6824.13,-2151.7085,4944.4595,2689.9268,-401.26178,1762.8665,367.23486,-301.5134,-47.06038,826.72656,-1797.4446,1940.0807,-1934.9401,-1737.87,-2463.4688
0.499,6825.416,-2151.4465,4941.8667,2689.1602,-397.78098,1762.0901,369.08063,-301.90305,-46.459713,826.93195,-1797.7,1938.042,-1937.4661,-1735.7117,-2463.819
0.5,6826.7036,-2151.1843,4939.2734,2688.3936,-394.29654,1761.3131,370.92752,-302.292,-45.858665,827.1374,-1797.9557,1936.0028,-1939.9933,-1733.5518,-2464.17
0.501,6827.991,-2150.9214,4936.68,2687.6267,-390.80963,1760.5358,372.77524,-302.68045,-45.25752,827.34296,-1798.2118,1933.9625,-1942.5222,-1731.3895,-2464.5208
0.502,6829.2793,-2150.6584,4934.085,2686.8599,-387.31937,1759.7578,374.6241,-303.06833,-44.656086,827.5486,-1798.4681,1931.922,-1945.0526,-1729.2258,-2464.8718
0.503,6830.5684,-2150.3945,4931.4893,2686.0928,-383.8257,1758.9795,376.47412,-303.45563,-44.054558,827.7543,-1798.7251,1929.8799,-1947.5845,-1727.0597,-2465.223
0.504,6831.858,-2150.1313,4928.892,2685.326,-380.32922,1758.2006,378.32498,-303.84247,-43.45274,827.9601,-1798.9825,1927.8373,-1950.1177,-1724.8921,-2465.5742
0.505,6833.1484,-2149.8677,4926.2954,2684.5586,-376.82925,1757.4211,380.177,-304.22894,-42.850826,828.166,-1799.2402,1925.7938,-1952.6525,-1722.7225,-2465.9258
0.506,6834.439,-2149.603,4923.697,2683.7915,-373.32654,1756.6414,382.0301,-304.61447,-42.248722,828.372,-1799.4982,1923.7496,-1955.1885,-1720.5511,-2466.2773
0.507,6835.7305,-2149.3389,4921.0977,2683.0244,-369.82077,1755.8608,383.88437,-304.9999,-41.64633,828.5781,-1799.7566,1921.7046,-1957.7266,-1718.3774,-2466.629
0.508,6837.0225,-2149.074,4918.4976,2682.257,-366.31165,1755.08,385.73947,-305.38467,-41.043747,828.78436,-1800.0155,1919.6587,-1960.2655,-1716.2025,-2466.981
0.509,6838.315,-2148.8086,4915.897,2681.4895,-362.79965,1754.2986,387.59573,-305.76874,-40.44097,828.99054,-1800.2747,1917.6122,-1962.8062,-1714.0253,-2467.333
0.51,6839.608,-2148.5437,4913.295,2680.7222,-359.2848,1753.5167,389.45294,-306.15234,-39.838005,829.19696,-1800.5342,1915.565,-1965.3484,-1711.8464,-2467.685
0.511,6840.902,-2148.278,4910.693,2679.9546,-355.76712,1752.7344,391.31125,-306.53555,-39.234844,829.4034,-1800.7942,1913.5168,-1967.892,-1709.6655,-2468.0376
0.512,6842.196,-2148.0122,4908.089,2679.1868,-352.24597,1751.9515,393.17072,-306.9181,-38.631397,829.61,-1801.0544,1911.468,-1970.4371,-1707.4829,-2468.39
0.513,6843.491,-2147.746,4905.4844,2678.4192,-348.72165,1751.1681,395.03094,-307.30023,-38.028046,829.8166,-1801.3153,1909.4182,-1972.9835,-1705.2982,-2468.7427
0.514,6844.7866,-2147.4795,4902.88,2677.6514,-345.19452,1750.3843,396.8925,-307.6818,-37.424213,830.0233,-1801.5763,1907.3676,-1975.5315,-1703.112,-2469.0955
0.515,6846.0825,-2147.2131,4900.274,2676.8835,-341.664,1749.6,398.7549,-308.06262,-36.82029,830.2301,-1801.8379,1905.3162,-1978.0809,-1700.9236,-2469.4482
0.516,6847.3794,-2146.9463,4897.667,2676.1157,-338.1307,1748.8152,400.6183,-308.44324,-36.21617,830.437,-1802.0997,1903.2642,-1980.6318,-1698.7336,-2469.8013
0.517,6848.677,-2146.679,4895.059,2675.3477,-334.59412,1748.0298,402.4829,-308.8232,-35.611763,830.64404,-1802.3619,1901.2114,-1983.1842,-1696.541,-2470.1545
0.518,6849.9746,-2146.411,4892.4507,2674.5796,-331.05527,1747.244,404.3484,-309.20218,-35.00736,830.851,-1802.6245,1899.1578,-1985.738,-1694.3473,-2470.5078
0.519,6851.273,-2146.1436,4889.842,2673.8115,-327.513,1746.4576,406.2149,-309.5815,-34.40257,831.0583,-1802.8877,1897.1035,-1988.2931,-1692.1517,-2470.8613
0.52,6852.572,-2145.8755,4887.231,2673.0432,-323.9677,1745.6709,408.08243,-309.95978,-33.79778,831.26556,-1803.1509,1895.0483,-1990.8499,-1689.9541,-2471.215
0.521,6853.872,-2145.607,4884.62,2672.275,-320.4192,1744.8837,409.95105,-310.33777,-33.192604,831.4729,-1803.4147,1892.9922,-1993.408,-1687.7546,-2471.5688
0.522,6855.172,-2145.3386,4882.0083,2671.5068,-316.86798,1744.096,411.8208,-310.71497,-32.587334,831.68036,-1803.679,1890.9357,-1995.9674,-1685.5533,-2471.9226
0.523,6856.4727,-2145.0698,4879.3955,2670.7383,-313.31345,1743.3076,413.6914,-311.0917,-31.981874,831.8879,-1803.9434,1888.8779,-1998.5286,-1683.3502,-2472.2769
0.524,6857.774,-2144.8005,4876.7817,2669.9697,-309.7558,1742.5189,415.56314,-311.46793,-31.37622,832.0955,-1804.2083,1886.8197,-2001.0908,-1681.1453,-2472.631
0.525,6859.0757,-2144.5312,4874.168,2669.2012,-306.19556,1741.7299,417.43558,-311.84372,-30.770376,832.3032,-1804.4734,1884.7609,-2003.6545,-1678.9387,-2472.9854
0.526,6860.3784,-2144.2615,4871.5527,2668.4324,-302.6324,1740.9401,419.3095,-312.21918,-30.16434,832.51105,-1804.739,1882.7012,-2006.2198,-1676.7299,-2473.3398
0.527,6861.6816,-2143.9912,4868.9365,2667.6638,-299.0662,1740.15,421.1842,-312.59348,-29.558207,832.71893,-1805.005,1880.6403,-2008.7866,-1674.5198,-2473.6943
0.528,6862.9854,-2143.7212,4866.3193,2666.895,-295.49683,1739.3594,423.05988,-312.96786,-28.95169,832.9269,-1805.2714,1878.5791,-2011.3549,-1672.3073,-2474.049
0.529,6864.289,-2143.4507,4863.7017,2666.1262,-291.92474,1738.5682,424.93655,-313.34143,-28.345175,833.13495,-1805.5381,1876.5171,-2013.9242,-1670.0933,-2474.404
0.53,6865.594,-2143.18,4861.083,2665.3572,-288.34918,1737.7767,426.8143,-313.71478,-27.73837,833.3432,-1805.805,1874.4546,-2016.4951,-1667.877,-2474.759
0.531,6866.8994,-2142.9087,4858.464,2664.5884,-284.77115,1736.9846,428.69305,-314.0873,-27.131374,833.55145,-1806.0725,1872.3906,-2019.0675,-1665.6597,-2475.1143
0.532,6868.2056,-2142.6377,4855.844,2663.8193,-281.18958,1736.1921,430.5728,-314.45935,-26.524282,833.75977,-1806.3405,1870.3262,-2021.6414,-1663.44,-2475.4697
0.533,6869.512,-2142.366,4853.223,2663.0503,-277.60605,1735.3992,432.4535,-314.83093,-25.917,833.9682,-1806.6086,1868.2614,-2024.2164,-1661.2186,-2475.8252
0.534,6870.819,-2142.0942,4850.601,2662.281,-274.01874,1734.6056,434.3354,-315.20218,-25.309332,834.1767,-1806.8772,1866.1952,-2026.7931,-1658.9955,-2476.1807
0.535,6872.127,-2141.8218,4847.9785,2661.5117,-270.4285,1733.8116,436.218,-315.57288,-24.701666,834.3854,-1807.1461,1864.1287,-2029.371,-1656.7705,-2476.5364
0.536,6873.4346,-2141.5496,4845.355,2660.7424,-266.8359,1733.0172,438.10168,-315.94275,-24.09371,834.59406,-1807.4154,1862.0615,-2031.9503,-1654.5435,-2476.8923
0.537,6874.7437,-2141.2769,4842.731,2659.9731,-263.2402,1732.2224,439.98648,-316.31235,-23.485756,834.8028,-1807.685,1859.9934,-2034.5311,-1652.3152,-2477.2483
0.538,6876.0527,-2141.004,4840.106,2659.2036,-259.64114,1731.427,441.87222,-316.68124,-22.877514,835.0117,-1807.955,1857.9243,-2037.1133,-1650.0848,-2477.6045
0.539,6877.363,-2140.7312,4837.48,2658.434,-256.0393,1730.6312,443.7589,-317.0497,-22.268984,835.22064,-1808.2253,1855.855,-2039.6969,-1647.8525,-2477.961
0.54,6878.673,-2140.4578,4834.853,2657.6646,-252.43483,1729.8348,445.64658,-317.41772,-21.660357,835.4297,-1808.4961,1853.7847,-2042.282,-1645.6184,-2478.3171
0.541,6879.984,-2140.1836,4832.2256,2656.895,-248.82741,1729.0382,447.53543,-317.7852,-21.051731,835.63885,-1808.7672,1851.7134,-2044.8683,-1643.3828,-2478.6738
0.542,6881.296,-2139.9094,4829.597,2656.1252,-245.21655,1728.241,449.42496,-318.1521,-20.442818,835.8481,-1809.0387,1849.6415,-2047.4558,-1641.1455,-2479.0305
0.543,6882.608,-2139.6357,4826.9683,2655.3555,-241.60388,1727.4432,451.31567,-318.51868,-19.833616,836.0574,-1809.3104,1847.5692,-2050.045,-1638.906,-2479.3872
0.544,6883.9204,-2139.3608,4824.3384,2654.5857,-237.98691,1726.6451,453.20743,-318.8847,-19.224222,836.2668,-1809.5826,1845.496,-2052.6357,-1636.6649,-2479.7444
0.545,6885.2334,-2139.0864,4821.7075,2653.816,-234.36836,1725.8466,455.09982,-319.24994,-18.614733,836.4762,-1809.8552,1843.4216,-2055.2273,-1634.422,-2480.1013
0.546,6886.5474,-2138.8113,4819.076,2653.046,-230.74644,1725.0474,456.9935,-319.61484,-18.005053,836.6858,-1810.128,1841.347,-2057.8203,-1632.1774,-2480.4587
0.547,6887.8613,-2138.536,4816.444,2652.276,-227.12173,1724.2479,458.88785,-319.97934,-17.395275,836.89545,-1810.4014,1839.2716,-2060.415,-1629.9312,-2480.816
0.548,6889.1763,-2138.2605,4813.8105,2651.5059,-223.49353,1723.448,460.7835,-320.34323,-16.78521,837.1052,-1810.6749,1837.1954,-2063.011,-1627.6829,-2481.1736
0.549,6890.4917,-2137.9849,4811.177,2650.7358,-219.86278,1722.6475,462.68005,-320.7064,-16.174953,837.31506,-1810.949,1835.1187,-2065.6086,-1625.4326,-2481.531
0.55,6891.8076,-2137.7087,4808.5425,2649.9656,-216.2294,1721.8466,464.57748,-321.06952,-15.564506,837.525,-1811.2231,1833.0406,-2068.207,-1623.1809,-2481.889
0.551,6893.1235,-2137.4321,4805.9067,2649.1953,-212.59282,1721.0453,466.47595,-321.4318,-14.954057,837.735,-1811.4978,1830.9626,-2070.807,-1620.9277,-2482.2468
0.552,6894.4404,-2137.156,4803.2705,2648.4253,-208.95438,1720.2435,468.37524,-321.79358,-14.343416,837.94507,-1811.7728,1828.8838,-2073.4082,-1618.6724,-2482.6047
0.553,6895.7583,-2136.8792,4800.6333,2647.6548,-205.31253,1719.4412,470.27563,-322.15497,-13.732489,838.1552,-1812.0482,1826.8037,-2076.011,-1616.4156,-2482.963
0.554,6897.076,-2136.6016,4797.9956,2646.8843,-201.66737,1718.6385,472.17688,-322.516,-13.121369,838.36554,-1812.3239,1824.7235,-2078.615,-1614.1569,-2483.3213
0.555,6898.3945,-2136.324,4795.357,2646.1138,-198.0195,1717.8353,474.07925,-322.87637,-12.510057,838.57587,-1812.5999,1822.6421,-2081.2205,-1611.8965,-2483.6797
0.556,6899.714,-2136.0466,4792.7173,2645.3433,-194.3692,1717.0317,475.98236,-323.23624,-11.898746,838.7863,-1812.8763,1820.5602,-2083.8271,-1609.6344,-2484.0383
0.557,6901.033,-2135.769,4790.077,2644.5725,-190.7163,1716.2277,477.8865,-323.59543,-11.287051,838.9968,-1813.1532,1818.4777,-2086.4353,-1607.3702,-2484.397
0.558,6902.3535,-2135.491,4787.4365,2643.802,-187.05992,1715.4232,479.79163,-323.9544,-10.675356,839.20746,-1813.4302,1816.3943,-2089.0447,-1605.1047,-2484.7559
0.559,6903.6743,-2135.2126,4784.795,2643.0312,-183.40096,1714.6182,481.69772,-324.31274,-10.063373,839.41815,-1813.7076,1814.3103,-2091.6555,-1602.8372,-2485.1147
0.56,6904.995,-2134.9346,4782.1523,2642.2605,-179.73956,1713.8129,483.60464,-324.67072,-9.45139,839.62897,-1813.9855,1812.2255,-2094.2676,-1600.5684,-2485.4739
0.561,6906.317,-2134.655,4779.5093,2641.4897,-176.07472,1713.007,485.51263,-325.02805,-8.839119,839.8398,-1814.2637,1810.1403,-2096.8809,-1598.2974,-2485.833
0.562,6907.639,-2134.3762,4776.865,2640.719,-172.4075,1712.2008,487.42154,-325.3848,-8.226752,840.0507,-1814.5421,1808.0541,-2099.4958,-1596.0248,-2486.1924
0.563,6908.962,-2134.0967,4774.22,2639.948,-168.73763,1711.394,489.33148,-325.74115,-7.6140985,840.2617,-1814.8209,1805.9672,-2102.1118,-1593.7506,-2486.5518
0.564,6910.285,-2133.8171,4771.574,2639.1768,-165.06474,1710.5869,491.24216,-326.09708,-7.0012527,840.4729,-1815.1,1803.8796,-2104.729,-1591.4745,-2486.9114
0.565,6911.609,-2133.5369,4768.928,2638.406,-161.38942,1709.7793,493.15384,-326.4523,-6.3884063,840.6841,-1815.3795,1801.7914,-2107.3477,-1589.197,-2487.2712
0.566,6912.933,-2133.2568,4766.281,2637.6348,-157.71057,1708.9712,495.06653,-326.80728,-5.775273,840.8954,-1815.6594,1799.7023,-2109.9678,-1586.9175,-2487.6309
0.567,6914.258,-2132.9773,4763.6333,2636.8638,-154.02977,1708.1628,496.98,-327.1618,-5.1619473,841.10675,-1815.9395,1797.6129,-2112.589,-1584.6364,-2487.991
0.568,6915.5835,-2132.696,4760.985,2636.0925,-150.34607,1707.3539,498.8946,-327.51544,-4.5486217,841.3182,-1816.22,1795.5225,-2115.2114,-1582.3536,-2488.351
0.569,6916.909,-2132.415,4758.3354,2635.321,-146.65926,1706.5446,500.80997,-327.86896,-3.9350083,841.5297,-1816.5009,1793.4314,-2117.8354,-1580.0691,-2488.7112
0.57,6918.2354,-2132.1338,4755.6855,2634.55,-142.96971,1705.7347,502.72614,-328.22183,-3.321203,841.74133,-1816.7822,1791.3398,-2120.4604,-1577.7834,-2489.0715
0.571,6919.562,-2131.853,4753.034,2633.7786,-139.27853,1704.9246,504.6435,-328.57425,-2.707398,841.95306,-1817.0637,1789.2474,-2123.087,-1575.4955,-2489.4321
0.572,6920.8896,-2131.5708,4750.3823,2633.007,-135.5832,1704.1139,506.56177,-328.9262,-2.0932093,842.16486,-1817.3455,1787.1543,-2125.7148,-1573.2057,-2489.7927
0.573,6922.2173,-2131.2896,4747.7305,2632.2356,-131.88564,1703.3029,508.48077,-329.27768,-1.4790205,842.3767,-1817.6276,1785.0608,-2128.3438,-1570.9144,-2490.1533
0.574,6923.5454,-2131.0068,4745.077,2631.464,-128.1858,1702.4913,510.40085,-329.62885,-0.86464,842.5887,-1817.9102,1782.9667,-2130.974,-1568.6218,-2490.5142
0.575,6924.8745,-2130.7246,4742.424,2630.6926,-124.48255,1701.6794,512.3217,-329.97925,-0.2501635,842.8007,-1818.1931,1780.8716,-2133.6055,-1566.3275,-2490.8752
0.576,6926.2036,-2130.4424,4739.769,2629.9211,-120.77749,1700.8672,514.2434,-330.32944,0.3646007,843.0128,-1818.4762,1778.7759,-2136.2385,-1564.0314,-2491.2363
0.577,6927.5337,-2130.1594,4737.1133,2629.1494,-117.06901,1700.0543,516.1663,-330.6788,0.9794608,843.225,-1818.7599,1776.6794,-2138.8728,-1561.7332,-2491.5974
0.578,6928.864,-2129.8762,4734.457,2628.3777,-113.357765,1699.2412,518.0899,-331.0281,1.5945127,843.4373,-1819.0437,1774.5823,-2141.508,-1559.4337,-2491.9587
0.579,6930.1943,-2129.5933,4731.8013,2627.606,-109.64419,1698.4275,520.0143,-331.37634,2.2097564,843.64966,-1819.3279,1772.4847,-2144.1445,-1557.1326,-2492.3203
0.58,6931.526,-2129.3098,4729.143,2626.8342,-105.92844,1697.6135,521.93964,-331.72437,2.825,843.8621,-1819.6123,1770.3865,-2146.7825,-1554.83,-2492.6816
0.581,6932.858,-2129.026,4726.485,2626.0623,-102.20911,1696.7991,523.86597,-332.0722,3.4404356,844.07465,-1819.8972,1768.2871,-2149.4216,-1552.5255,-2493.0435
0.582,6934.19,-2128.742,4723.8257,2625.2903,-98.48741,1695.9841,525.79333,-332.4193,4.056159,844.2873,-1820.1824,1766.1875,-2152.0623,-1550.2192,-2493.4053
0.583,6935.523,-2128.4573,4721.166,2624.5183,-94.763626,1695.1688,527.7214,-332.766,4.672074,844.5,-1820.4678,1764.0874,-2154.704,-1547.9113,-2493.767
0.584,6936.856,-2128.1726,4718.5054,2623.7463,-91.03655,1694.3531,529.65045,-333.11194,5.287989,844.7127,-1820.7537,1761.9865,-2157.3467,-1545.6022,-2494.1294
0.585,6938.19,-2127.888,4715.844,2622.9744,-87.3072,1693.5371,531.58026,-333.4578,5.904096,844.9256,-1821.0397,1759.8848,-2159.9907,-1543.2914,-2494.4915
0.586,6939.524,-2127.6033,4713.182,2622.2024,-83.57483,1692.7205,533.51117,-333.80298,6.5204906,845.13855,-1821.3263,1757.7822,-2162.6365,-1540.9785,-2494.8538
0.587,6940.859,-2127.318,4710.519,2621.4302,-79.840096,1691.9036,535.44275,-334.1477,7.1367893,845.3515,-1821.613,1755.6796,-2165.283,-1538.6644,-2495.216
0.588,6942.194,-2127.0325,4707.8564,2620.658,-76.10247,1691.0862,537.3753,-334.49197,7.7533755,845.5646,-1821.9,1753.5757,-2167.9307,-1536.3485,-2495.5786
0.589,6943.5293,-2126.7463,4705.1924,2619.8857,-72.36256,1690.2684,539.30865,-334.83575,8.370058,845.7778,-1822.1875,1751.4719,-2170.5798,-1534.0311,-2495.9412
0.59,6944.865,-2126.4604,4702.5273,2619.1135,-68.62006,1689.4503,541.24286,-335.1792,8.987028,845.9911,-1822.4752,1749.367,-2173.23,-1531.7123,-2496.304
0.591,6946.202,-2126.174,4699.8623,2618.341,-64.87483,1688.6316,543.1781,-335.52206,9.603998,846.2044,-1822.7633,1747.2611,-2175.8816,-1529.3914,-2496.667
0.592,6947.539,-2125.8882,4697.196,2617.5688,-61.12763,1687.8126,545.114,-335.86444,10.22116,846.41785,-1823.0516,1745.1552,-2178.5344,-1527.0692,-2497.0298
0.593,6948.8765,-2125.6016,4694.5293,2616.7964,-57.3775,1686.9933,547.0507,-336.20645,10.838513,846.63135,-1823.3403,1743.0485,-2181.1882,-1524.7454,-2497.393
0.594,6950.2144,-2125.3145,4691.8613,2616.024,-53.624237,1686.1736,548.98846,-336.54773,11.455963,846.84485,-1823.6292,1740.9412,-2183.8433,-1522.4199,-2497.756
0.595,6951.5527,-2125.0276,4689.193,2615.2515,-49.868576,1685.3533,550.9272,-336.88895,12.0737,847.05853,-1823.9186,1738.833,-2186.5,-1520.0928,-2498.1196
0.596,6952.892,-2124.74,4686.524,2614.4788,-46.110516,1684.5327,552.86664,-337.2294,12.691438,847.2723,-1824.2083,1736.7244,-2189.1575,-1517.7643,-2498.483
0.597,6954.2314,-2124.4521,4683.854,2613.7063,-42.350193,1683.7117,554.807,-337.5695,13.309367,847.4861,-1824.498,1734.6151,-2191.8162,-1515.4343,-2498.8467
0.598,6955.571,-2124.1646,4681.184,2612.9336,-38.587257,1682.8904,556.7481,-337.90912,13.927296,847.7,-1824.7883,1732.5052,-2194.4758,-1513.1027,-2499.2102
0.599,6956.911,-2123.877,4678.5127,2612.1611,-34.8221,1682.0686,558.68994,-338.24832,14.545513,847.91394,-1825.079,1730.395,-2197.137,-1510.7693,-2499.574
0.6,6958.252,-2123.5889,4675.841,2611.3884,-31.053947,1681.2463,560.63293,-338.5872,15.163921,848.128,-1825.3698,1728.2838,-2199.7998,-1508.4344,-2499.938
