0.301,8639,-2712.8,1957.1,2769.3,2644.7,2185.4,1687.8,2163.1,-354.88,766.8,-1387.8,-386.43,-1807.9,-763.25,-2523.8,0.00034551,0.00024416
0.302,8636.7,-2724.4,1964.6,2769,2634.8,2181,1686.1,2157.6,-360.45,769.04,-1389,-386.01,-1808.8,-756.56,-2522,0.00034525,0.00024397
0.303,8634.4,-2736,1972,2768.6,2624.8,2176.5,1684.4,2152.2,-365.99,771.29,-1390.2,-385.59,-1809.7,-749.85,-2520.3,0.00034499,0.00024379
0.304,8632.1,-2747.6,1979.5,2768.2,2614.9,2172.1,1682.7,2146.8,-371.48,773.53,-1391.4,-385.14,-1810.7,-743.18,-2518.5,0.00034472,0.0002436
0.305,8629.9,-2759.2,1987,2767.8,2604.8,2167.7,1681,2141.3,-376.98,775.81,-1392.7,-384.71,-1811.6,-736.47,-2516.8,0.00034446,0.00024341
0.306,8627.5,-2770.7,1994.5,2767.3,2594.9,2163.5,1679.3,2135.8,-382.4,778.05,-1394,-384.2,-1812.5,-729.86,-2515,0.00034419,0.00024322
0.307,8624.9,-2781.8,2002.1,2766.1,2585.2,2159.5,1677.1,2130.2,-387.63,780.18,-1395.4,-383.44,-1813.4,-723.6,-2512.8,0.00034393,0.00024304
0.308,8623.1,-2794.1,2009.7,2766.4,2574.8,2154.9,1675.9,2124.7,-393.21,782.61,-1396.7,-383.27,-1814.4,-716.48,-2511.7,0.00034365,0.00024284
0.309,8620.8,-2805.7,2017.3,2765.9,2564.8,2150.8,1674.1,2119.2,-398.56,784.9,-1398.1,-382.76,-1815.3,-709.83,-2510,0.00034338,0.00024265
0.31,8618.5,-2817.3,2024.9,2765.4,2554.7,2146.6,1672.5,2113.6,-403.9,787.23,-1399.4,-382.31,-1816.2,-703.09,-2508.4,0.0003431,0.00024246
0.311,8616,-2828.7,2032.5,2764.7,2544.8,2142.6,1670.7,2108,-409.06,789.46,-1400.8,-381.68,-1817.2,-696.55,-2506.6,0.00034283,0.00024227
0.312,8613.6,-2840.1,2040.2,2764,2534.9,2138.6,1668.8,2102.3,-414.16,791.67,-1402.3,-381,-1818.1,-690.02,-2504.9,0.00034256,0.00024207
0.313,8611.2,-2851.6,2047.8,2763.3,2524.8,2134.6,1667.1,2096.7,-419.32,793.94,-1403.8,-380.44,-1819,-683.38,-2503.3,0.00034228,0.00024187
0.314,8608.9,-2863.1,2055.6,2762.7,2514.8,2130.6,1665.4,2091.1,-424.49,796.25,-1405.3,-379.91,-1819.9,-676.7,-2501.7,0.000342,0.00024168
0.315,8606.5,-2874.7,2063.3,2761.9,2504.7,2126.7,1663.6,2085.4,-429.62,798.55,-1406.8,-379.34,-1820.8,-670.07,-2500.1,0.00034172,0.00024148
0.316,8604.1,-2886.2,2071,2761.2,2494.7,2122.8,1661.9,2079.7,-434.71,800.86,-1408.3,-378.77,-1821.7,-663.43,-2498.6,0.00034144,0.00024128
0.317,8601.7,-2897.7,2078.8,2760.5,2484.6,2119,1660.1,2074,-439.76,803.16,-1409.8,-378.16,-1822.6,-656.81,-2497,0.00034115,0.00024108
0.318,8599.5,-2909.3,2086.6,2759.8,2474.5,2115.2,1658.4,2068.2,-444.82,805.51,-1411.4,-377.59,-1823.5,-650.13,-2495.5,0.00034086,0.00024087
0.319,8597,-2920.8,2094.4,2759,2464.5,2111.4,1656.6,2062.5,-449.78,807.81,-1413,-376.95,-1824.4,-643.54,-2493.9,0.00034058,0.00024067
0.32,8594.7,-2932.3,2102.3,2758.2,2454.4,2107.7,1654.8,2056.7,-454.72,810.12,-1414.6,-376.3,-1825.3,-636.93,-2492.4,0.00034029,0.00024047
0.321,8591.3,-2942,2110,2755.3,2445.3,2104.8,1651.6,2050.7,-459.13,811.89,-1416.5,-374.78,-1826.1,-631.57,-2489.1,0.00034003,0.00024028
0.322,8589.1,-2953.7,2118,2754.7,2435.1,2101.1,1649.9,2045,-464.06,814.23,-1418.2,-374.16,-1827.1,-624.87,-2487.8,0.00033973,0.00024007
0.323,8586.5,-2965,2125.8,2753.6,2425.1,2097.5,1647.9,2039.2,-468.76,816.44,-1419.9,-373.35,-1827.9,-618.4,-2486.2,0.00033944,0.00023987
0.324,8584.2,-2976.7,2133.7,2752.9,2415,2093.9,1646.2,2033.4,-473.56,818.75,-1421.6,-372.64,-1828.9,-611.76,-2484.8,0.00033914,0.00023965
0.325,8581.8,-2988.1,2141.7,2751.9,2405,2090.5,1644.3,2027.5,-478.28,821.02,-1423.4,-371.86,-1829.8,-605.23,-2483.3,0.00033884,0.00023944
0.326,8579.4,-2999.6,2149.6,2750.9,2394.9,2087,1642.4,2021.7,-482.97,823.3,-1425.1,-371.08,-1830.7,-598.68,-2481.9,0.00033854,0.00023923
0.327,8576.7,-3010.8,2157.5,2749.7,2385,2083.7,1640.4,2015.8,-487.51,825.5,-1426.9,-370.18,-1831.6,-592.26,-2480.3,0.00033825,0.00023903
0.328,8574.4,-3022.4,2165.5,2748.8,2374.9,2080.3,1638.6,2009.9,-492.18,827.81,-1428.7,-369.39,-1832.6,-585.68,-2478.9,0.00033794,0.00023881
0.329,8572,-3033.9,2173.5,2747.8,2364.8,2076.9,1636.7,2004,-496.76,830.09,-1430.6,-368.56,-1833.5,-579.14,-2477.5,0.00033764,0.00023859
0.33,8569.4,-3045.1,2181.5,2746.5,2354.8,2073.7,1634.7,1998.1,-501.21,832.28,-1432.4,-367.61,-1834.4,-572.74,-2475.9,0.00033734,0.00023838
0.331,8566.9,-3056.6,2189.5,2745.4,2344.7,2070.4,1632.8,1992.1,-505.72,834.55,-1434.3,-366.73,-1835.4,-566.21,-2474.6,0.00033703,0.00023816
0.332,8564.4,-3067.9,2197.5,2744.2,2334.7,2067.3,1630.8,1986.2,-510.13,836.76,-1436.2,-365.77,-1836.3,-559.78,-2473.1,0.00033672,0.00023795
0.333,8562.1,-3079.5,2205.6,2743.2,2324.6,2064.1,1628.9,1980.2,-514.59,839.05,-1438.1,-364.88,-1837.3,-553.23,-2471.7,0.00033641,0.00023773
0.334,8559.6,-3090.9,2213.7,2742,2314.5,2061,1626.9,1974.2,-518.96,841.29,-1440.1,-363.92,-1838.2,-546.76,-2470.3,0.0003361,0.00023751
0.335,8557.1,-3102.3,2221.8,2740.7,2304.5,2057.9,1624.9,1968.2,-523.28,843.51,-1442,-362.93,-1839.2,-540.3,-2469,0.00033579,0.00023729
0.336,8554.8,-3113.8,2230,2739.6,2294.3,2054.9,1623,1962.2,-527.63,845.78,-1444,-361.97,-1840.2,-533.79,-2467.6,0.00033547,0.00023706
0.337,8552.2,-3125.1,2238.1,2738.3,2284.3,2051.9,1620.9,1956.1,-531.85,847.97,-1446.1,-360.91,-1841.1,-527.39,-2466.2,0.00033515,0.00023684
0.338,8549.7,-3136.5,2246.2,2737,2274.3,2049,1618.9,1950.1,-536.05,850.17,-1448.1,-359.86,-1842.1,-520.95,-2464.8,0.00033484,0.00023661
0.339,8547.2,-3147.7,2254.4,2735.6,2264.3,2046.1,1616.8,1944,-540.19,852.35,-1450.1,-358.77,-1843.1,-514.54,-2463.5,0.00033452,0.00023639
0.34,8544.6,-3158.9,2262.5,2734.1,2254.3,2043.2,1614.7,1938,-544.28,854.5,-1452.2,-357.63,-1844.1,-508.17,-2462,0.0003342,0.00023616
0.341,8542.3,-3170.5,2270.8,2732.9,2244.1,2040.4,1612.7,1931.9,-548.44,856.74,-1454.3,-356.56,-1845.1,-501.69,-2460.8,0.00033387,0.00023593
0.342,8539.7,-3181.8,2278.9,2731.5,2234.1,2037.6,1610.6,1925.8,-552.48,858.91,-1456.4,-355.41,-1846.1,-495.28,-2459.4,0.00033354,0.0002357
0.343,8537.2,-3193.2,2287.2,2730.1,2224,2034.9,1608.5,1919.6,-556.49,861.07,-1458.6,-354.24,-1847.1,-488.88,-2458.1,0.00033322,0.00023547
0.344,8534.7,-3204.5,2295.4,2728.6,2214,2032.2,1606.4,1913.5,-560.46,863.23,-1460.7,-353.06,-1848.1,-482.47,-2456.8,0.00033289,0.00023524
0.345,8532.3,-3215.9,2303.7,2727.2,2203.9,2029.5,1604.3,1907.3,-564.41,865.4,-1462.9,-351.87,-1849.1,-476.06,-2455.5,0.00033256,0.000235
0.346,8529.7,-3227.1,2311.9,2725.7,2193.9,2026.9,1602.1,1901.2,-568.26,867.5,-1465.1,-350.61,-1850.2,-469.7,-2454.2,0.00033223,0.00023477
0.347,8527.1,-3238.3,2320.1,2724,2184,2024.4,1599.9,1895,-572.1,869.59,-1467.3,-349.3,-1851.2,-463.4,-2452.8,0.00033189,0.00023453
0.348,8524.5,-3249.4,2328.4,2722.4,2174,2021.8,1597.7,1888.8,-575.87,871.67,-1469.6,-347.99,-1852.3,-457.06,-2451.5,0.00033156,0.0002343
0.349,8522.1,-3260.8,2336.7,2720.9,2163.9,2019.3,1595.5,1882.6,-579.67,873.8,-1471.8,-346.71,-1853.3,-450.66,-2450.2,0.00033122,0.00023406
0.35,8519.6,-3272.2,2345.1,2719.4,2153.8,2016.8,1593.4,1876.4,-583.42,875.93,-1474.1,-345.4,-1854.4,-444.25,-2449,0.00033088,0.00023381
0.351,8517.2,-3283.6,2353.4,2718,2143.7,2014.4,1591.2,1870.2,-587.13,878.05,-1476.4,-344.09,-1855.5,-437.83,-2447.9,0.00033053,0.00023357
0.352,8514.7,-3295,2361.8,2716.4,2133.6,2012,1589,1863.9,-590.79,880.14,-1478.7,-342.73,-1856.6,-431.45,-2446.7,0.00033019,0.00023333
0.353,8511.9,-3306.6,2370,2715.5,2123.3,2009.3,1587.4,1857.8,-594.07,882.17,-1481.1,-341.36,-1857.7,-424.69,-2446.4,0.00032983,0.00023308
0.354,8509.4,-3317.8,2378.4,2713.8,2113.2,2007,1585.2,1851.5,-597.73,884.31,-1483.4,-340.05,-1858.8,-418.26,-2445.2,0.00032948,0.00023283
0.355,8505.9,-3327.8,2386.4,2711.3,2103.9,2004.7,1582.4,1845.4,-600.85,885.88,-1485.8,-338.25,-1859.8,-412.28,-2443.5,0.00032915,0.00023259
0.356,8503.7,-3339.3,2394.9,2709.8,2093.6,2002.4,1580.3,1839,-604.53,888.08,-1488.1,-336.98,-1861,-405.78,-2442.4,0.00032879,0.00023234
0.357,8501.3,-3350.7,2403.4,2708.1,2083.5,2000.3,1578.1,1832.7,-608.09,890.18,-1490.5,-335.56,-1862.1,-399.42,-2441.2,0.00032844,0.00023209
0.358,8498.9,-3362.1,2411.9,2706.4,2073.4,1998.1,1575.8,1826.4,-611.59,892.24,-1493,-334.1,-1863.3,-393.08,-2440,0.00032808,0.00023184
0.359,8496.6,-3373.5,2420.4,2704.8,2063.3,1996,1573.6,1820,-615.09,894.36,-1495.4,-332.67,-1864.5,-386.68,-2438.9,0.00032772,0.00023158
0.36,8493.9,-3384.6,2428.8,2702.9,2053.2,1994,1571.4,1813.5,-618.64,896.57,-1497.7,-331.41,-1865.7,-380.16,-2437.8,0.00032736,0.00023133
0.361,8491.3,-3395.6,2437.1,2700.9,2043.3,1992,1569,1807,-621.89,898.51,-1500.1,-329.78,-1867,-373.86,-2436.5,0.00032699,0.00023107
0.362,8488.7,-3406.7,2445.5,2699,2033.4,1990,1566.6,1800.7,-625.09,900.37,-1502.6,-328.06,-1868.2,-367.64,-2435.3,0.00032663,0.00023081
0.363,8486.2,-3417.8,2454,2697.1,2023.4,1988,1564.1,1794.3,-628.32,902.28,-1505.1,-326.41,-1869.4,-361.36,-2434,0.00032626,0.00023055
0.364,8483.6,-3428.9,2462.4,2695.1,2013.5,1986.1,1561.7,1787.9,-631.51,904.19,-1507.6,-324.75,-1870.7,-355.07,-2432.9,0.0003259,0.00023029
0.365,8481.1,-3440,2470.9,2693.2,2003.5,1984.2,1559.3,1781.5,-634.66,906.1,-1510.1,-323.07,-1871.9,-348.77,-2431.7,0.00032552,0.00023003
0.366,8478.3,-3451,2479.3,2691.2,1993.7,1982.1,1556.7,1775.4,-637.64,907.83,-1512.8,-321.27,-1873,-342.58,-2430.6,0.00032515,0.00022977
0.367,8475.6,-3462,2487.7,2689.2,1983.8,1980.2,1554.2,1769,-640.6,909.57,-1515.3,-319.42,-1874.3,-336.36,-2429.4,0.00032478,0.00022951
0.368,8472.9,-3472.8,2496.1,2687.1,1974,1978.4,1551.6,1762.7,-643.49,911.27,-1517.9,-317.52,-1875.6,-330.16,-2428.2,0.0003244,0.00022924
0.369,8470.3,-3483.8,2504.5,2685,1964.1,1976.6,1549,1756.3,-646.38,913,-1520.5,-315.63,-1877,-323.92,-2427,0.00032403,0.00022897
0.37,8467.6,-3494.7,2513,2682.9,1954.3,1974.8,1546.5,1749.9,-649.27,914.74,-1523.1,-313.77,-1878.3,-317.66,-2425.9,0.00032365,0.0002287
0.371,8465,-3505.8,2521.5,2680.9,1944.3,1973.1,1544,1743.4,-652.16,916.54,-1525.8,-311.93,-1879.7,-311.35,-2424.8,0.00032326,0.00022843
0.372,8462.4,-3516.7,2530,2678.8,1934.4,1971.4,1541.5,1737,-655,918.28,-1528.4,-310.05,-1881,-305.08,-2423.7,0.00032288,0.00022816
0.373,8459.7,-3527.7,2538.4,2676.7,1924.5,1969.7,1538.9,1730.5,-657.81,920.03,-1531,-308.18,-1882.4,-298.77,-2422.6,0.00032249,0.00022789
0.374,8457,-3538.6,2546.9,2674.8,1914.3,1968.1,1536.9,1723.7,-660.77,922.17,-1533.4,-306.77,-1883.8,-291.94,-2422,0.00032209,0.00022761
0.375,8453.9,-3549.1,2555.2,2672.4,1904.7,1966.5,1534.3,1717.3,-663.39,923.79,-1536,-304.82,-1885.2,-285.68,-2421,0.0003217,0.00022733
0.376,8452.1,-3560.9,2564,2670.6,1894.5,1965,1531.4,1710.8,-665.89,925.15,-1539.1,-302.29,-1886.8,-279.7,-2419.6,0.0003213,0.00022705
0.377,8448.9,-3571.3,2572.4,2668.3,1884.8,1963.4,1529.1,1704.3,-668.68,927.12,-1541.5,-300.75,-1888.1,-273.13,-2419,0.00032091,0.00022677
0.378,8446.7,-3582.7,2581.1,2666.3,1874.7,1962,1526.5,1697.7,-671.36,928.82,-1544.3,-298.69,-1889.6,-266.86,-2417.9,0.0003205,0.00022648
0.379,8443.2,-3592.2,2589,2663.3,1865.6,1960.4,1523.5,1691.4,-673.73,930.12,-1546.8,-296.51,-1891.1,-260.75,-2416.4,0.00032011,0.00022621
0.38,8441,-3603.6,2597.7,2661.3,1855.5,1959,1520.8,1684.8,-676.29,931.71,-1549.6,-294.31,-1892.7,-254.55,-2415.3,0.00031971,0.00022592
0.381,8438.8,-3614.9,2606.4,2659.3,1845.5,1957.7,1518,1678.3,-678.72,933.22,-1552.5,-292,-1894.3,-248.37,-2414.2,0.0003193,0.00022563
0.382,8436.4,-3626,2614.9,2657,1835.7,1956.4,1515.1,1671.9,-681.12,934.64,-1555.4,-289.62,-1895.9,-242.31,-2413,0.00031889,0.00022534
0.383,8433.8,-3636.9,2623.4,2654.7,1826,1955,1512.2,1665.4,-683.45,936.06,-1558.2,-287.31,-1897.5,-236.14,-2411.9,0.00031848,0.00022505
0.384,8431,-3647.5,2631.8,2652.3,1816.3,1953.7,1509.5,1658.9,-685.78,937.52,-1560.9,-285.09,-1899.1,-229.9,-2410.9,0.00031807,0.00022476
0.385,8428,-3657.8,2640.2,2649.7,1806.7,1952.4,1506.7,1652.4,-688.09,938.97,-1563.6,-282.91,-1900.7,-223.64,-2409.8,0.00031765,0.00022447
0.386,8425.7,-3669,2648.9,2647.6,1796.7,1951.1,1504,1645.8,-690.46,940.54,-1566.5,-280.76,-1902.3,-217.27,-2408.9,0.00031723,0.00022417
0.387,8422.8,-3680,2657.6,2645.7,1786.5,1949.7,1502.1,1639,-692.82,942.49,-1569.1,-279.12,-1903.7,-210.4,-2408.9,0.0003168,0.00022387
0.388,8420.5,-3690.7,2665.9,2642.9,1777.2,1948.7,1498.3,1632.7,-694.77,943.26,-1572.1,-275.96,-1905.7,-204.85,-2406.9,0.00031639,0.00022357
0.389,8417.3,-3701.4,2674.5,2640.9,1767.1,1947.2,1496.5,1626,-697.04,945.16,-1574.8,-274.42,-1906.9,-197.86,-2407,0.00031595,0.00022327
0.39,8414.5,-3712,2683,2638.5,1757.4,1946,1493.7,1619.5,-699.08,946.47,-1577.6,-272.01,-1908.7,-191.58,-2406.1,0.00031552,0.00022296
0.391,8411.8,-3722.7,2691.5,2636.1,1747.7,1944.9,1490.8,1612.9,-701.08,947.73,-1580.5,-269.54,-1910.4,-185.33,-2405.2,0.00031509,0.00022266
0.392,8409.5,-3733.9,2700.3,2633.9,1737.4,1943.9,1488.4,1605.9,-703.43,949.56,-1583.3,-267.61,-1912.1,-178.67,-2404.5,0.00031465,0.00022235
0.393,8407,-3744.5,2708.7,2631.2,1728.1,1942.9,1484.9,1599.6,-705.26,950.4,-1586.3,-264.6,-1914.1,-172.88,-2403,0.00031422,0.00022204
0.394,8404.5,-3755.4,2717.2,2628.9,1718.2,1941.9,1482.1,1592.9,-707.22,951.72,-1589.2,-262.17,-1915.9,-166.53,-2402.2,0.00031378,0.00022173
0.395,8401.3,-3765,2725.3,2625.7,1709.3,1940.8,1478.7,1586.6,-709.09,952.62,-1591.8,-259.47,-1917.8,-160.57,-2400.6,0.00031335,0.00022143
0.396,8398.7,-3775.9,2733.9,2623.4,1699.3,1939.7,1476.1,1579.9,-711.01,954.06,-1594.7,-257.18,-1919.5,-154.06,-2400.1,0.0003129,0.00022111
0.397,8392.3,-3781.2,2739.9,2618.3,1692.8,1937.9,1471.7,1574.4,-712.04,953.82,-1596.7,-253.98,-1921.1,-148.76,-2397.8,0.00031254,0.00022086
0.398,8390.7,-3793.3,2749.1,2616.5,1682.3,1937.1,1469.1,1567.6,-714.05,955.29,-1599.8,-251.5,-1923,-142.31,-2397.3,0.00031207,0.00022052
0.399,8390,-3807,2759.2,2615.6,1670.6,1936.7,1467.5,1560.1,-716.42,957.68,-1603.2,-249.78,-1925,-134.93,-2397.8,0.00031156,0.00022016
0.4,8388.3,-3819.4,2768.5,2614.2,1659.7,1936.1,1465.4,1552.9,-718.27,959.42,-1606.4,-247.54,-1926.9,-128.05,-2397.8,0.00031108,0.00021982
0.401,8384.8,-3828.3,2776.2,2610.7,1651.1,1935,1461.8,1546.7,-719.8,959.99,-1609.1,-244.6,-1928.9,-122.13,-2396.3,0.00031064,0.00021951
0.402,8382.7,-3840,2785.3,2608.6,1641,1934.2,1459,1540,-721.68,961.42,-1612.2,-242.12,-1930.7,-115.8,-2395.7,0.00031017,0.00021918
0.403,8379.9,-3850.3,2793.6,2605.9,1631.5,1933.4,1455.9,1533.4,-723.27,962.42,-1615,-239.41,-1932.7,-109.51,-2394.9,0.00030971,0.00021885
0.404,8376.9,-3860.4,2802,2603.1,1622,1932.5,1453.1,1526.8,-724.8,963.48,-1617.9,-236.81,-1934.7,-103.04,-2394.2,0.00030924,0.00021853
0.405,8373.9,-3870.6,2810.3,2600.6,1612.4,1931.7,1450.2,1520,-726.14,964.38,-1620.8,-234.04,-1936.8,-96.492,-2393.6,0.00030877,0.00021819
0.406,8372,-3882.6,2819.5,2598.8,1601.7,1931.2,1447.9,1512.9,-727.81,965.98,-1623.9,-231.69,-1938.8,-89.673,-2393.5,0.00030828,0.00021785
0.407,8369.2,-3892.7,2827.7,2595.8,1592.7,1930.2,1444.2,1506.7,-729.18,966.49,-1626.9,-228.47,-1940.8,-83.866,-2392.2,0.00030782,0.00021752
0.408,8365.9,-3902.3,2835.9,2592.8,1583.4,1929.5,1441.4,1499.8,-730.65,967.58,-1629.6,-226.05,-1943,-77.136,-2391.6,0.00030734,0.00021718
0.409,8362.7,-3911.6,2843.7,2589.3,1575,1928.5,1437.4,1493.8,-732.06,967.94,-1632.3,-222.82,-1945,-71.533,-2390,0.00030689,0.00021686
0.41,8358.9,-3920.9,2851.5,2586.5,1565.9,1927.5,1434.5,1487.4,-732.96,968.46,-1635.1,-219.79,-1947,-65.153,-2389.5,0.00030642,0.00021653
0.411,8355,-3929.2,2858.8,2582.8,1557.9,1926.2,1430.6,1481.5,-734.15,968.6,-1637.6,-216.57,-1949.2,-59.363,-2387.9,0.00030597,0.00021621
0.412,8355.6,-3944.7,2869.9,2582.6,1545,1926.9,1429,1473.3,-735.79,970.91,-1641.7,-214.23,-1951.7,-51.82,-2388.8,0.00030539,0.00021581
0.413,8352.5,-3954.4,2878,2579.5,1535.9,1926.1,1425.7,1466.8,-737,971.55,-1644.5,-211.26,-1953.9,-45.511,-2387.9,0.00030491,0.00021546
0.414,8349.6,-3964.6,2886.4,2576.8,1526.4,1925.5,1422.8,1460.1,-738.19,972.42,-1647.4,-208.45,-1956.1,-38.984,-2387.4,0.00030441,0.00021511
0.415,8346.9,-3975.1,2894.9,2574.2,1516.8,1924.9,1419.8,1453.3,-739.37,973.3,-1650.4,-205.59,-1958.3,-32.44,-2387,0.00030391,0.00021476
0.416,8344.2,-3985.6,2903.4,2571.6,1507.2,1924.4,1416.9,1446.5,-740.51,974.17,-1653.4,-202.73,-1960.6,-25.88,-2386.5,0.00030341,0.0002144
0.417,8341.3,-3995.7,2911.8,2568.8,1497.8,1923.8,1413.8,1439.8,-741.59,974.93,-1656.3,-199.82,-1962.9,-19.369,-2386,0.0003029,0.00021405
0.418,8338.5,-4006,2920.2,2566.1,1488.2,1923.3,1410.8,1433,-742.63,975.69,-1659.3,-196.87,-1965.2,-12.82,-2385.5,0.00030239,0.00021368
0.419,8335.6,-4016.1,2928.6,2563.3,1478.8,1922.8,1407.7,1426.3,-743.62,976.38,-1662.2,-193.87,-1967.5,-6.3012,-2385,0.00030188,0.00021332
0.42,8332.9,-4026.4,2937,2560.6,1469.3,1922.3,1404.7,1419.5,-744.57,977.07,-1665.2,-190.85,-1969.9,0.25158,-2384.6,0.00030136,0.00021296
0.421,8330.2,-4036.8,2945.5,2558,1459.7,1921.9,1401.7,1412.7,-745.5,977.77,-1668.2,-187.81,-1972.3,6.8355,-2384.2,0.00030084,0.00021259
0.422,8327.2,-4046.7,2953.7,2555.1,1450.5,1921.4,1398.5,1406.1,-746.36,978.31,-1671.1,-184.7,-1974.8,13.335,-2383.6,0.00030032,0.00021222
0.423,8324.7,-4057.2,2962.2,2552.5,1440.8,1921.1,1395.5,1399.2,-747.23,979.01,-1674.2,-181.65,-1977.2,19.971,-2383.3,0.00029979,0.00021185
0.424,8321.7,-4067.2,2970.5,2549.6,1431.5,1920.7,1392.4,1392.5,-748.06,979.59,-1677.1,-178.58,-1979.7,26.546,-2382.9,0.00029927,0.00021148
0.425,8319.1,-4077.5,2979,2546.9,1422,1920.3,1389.3,1385.7,-748.88,980.2,-1680.1,-175.47,-1982.2,33.147,-2382.5,0.00029873,0.0002111
0.426,8316.3,-4087.7,2987.4,2544.1,1412.5,1920,1386.2,1378.9,-749.65,980.79,-1683.1,-172.38,-1984.7,39.792,-2382.1,0.00029819,0.00021072
0.427,8313.4,-4097.8,2995.8,2541.3,1403.1,1919.6,1383.1,1372.1,-750.37,981.36,-1686.1,-169.27,-1987.2,46.441,-2381.8,0.00029765,0.00021034
0.428,8310.6,-4107.9,3004.1,2538.5,1393.7,1919.3,1380,1365.3,-751.05,981.86,-1689.1,-166.1,-1989.8,53.085,-2381.5,0.00029711,0.00020995
0.429,8307.7,-4117.9,3012.4,2535.6,1384.4,1919,1376.9,1358.6,-751.67,982.28,-1692.1,-162.88,-1992.4,59.699,-2381.1,0.00029657,0.00020957
0.43,8304.8,-4127.8,3020.5,2532.7,1375.3,1918.6,1373.5,1352,-752.2,982.49,-1695,-159.44,-1995.1,66.194,-2380.6,0.00029602,0.00020918
0.431,8302.1,-4138,3028.9,2530,1365.8,1918.4,1370.4,1345.1,-752.77,982.95,-1698.1,-156.21,-1997.7,72.899,-2380.4,0.00029546,0.00020879
0.432,8299.4,-4148.1,3037.3,2527.2,1356.4,1918.2,1367.3,1338.2,-753.3,983.39,-1701.1,-152.97,-2000.4,79.632,-2380.1,0.0002949,0.00020839
0.433,8296.4,-4157.9,3045.5,2524.2,1347.2,1917.9,1364.2,1331.5,-753.81,983.75,-1704,-149.73,-2003.1,86.326,-2379.9,0.00029435,0.000208
0.434,8293.6,-4167.9,3053.8,2521.4,1337.8,1917.7,1361.1,1324.6,-754.29,984.16,-1707,-146.48,-2005.8,93.085,-2379.7,0.00029378,0.0002076
0.435,8290.8,-4178.1,3062.2,2518.6,1328.3,1917.5,1358,1317.7,-754.73,984.58,-1710,-143.22,-2008.6,99.873,-2379.5,0.00029321,0.0002072
0.436,8288.1,-4188.2,3070.6,2515.8,1318.9,1917.4,1354.9,1310.8,-755.12,984.93,-1713.1,-139.9,-2011.3,106.67,-2379.4,0.00029264,0.00020679
0.437,8285.2,-4198.1,3078.9,2512.9,1309.6,1917.3,1351.7,1304,-755.49,985.23,-1716,-136.58,-2014.1,113.43,-2379.2,0.00029206,0.00020638
0.438,8282.4,-4208,3087.2,2510.1,1300.2,1917.1,1348.6,1297.1,-755.81,985.51,-1719,-133.22,-2017,120.22,-2379.1,0.00029148,0.00020597
0.439,8279.6,-4218,3095.5,2507.3,1290.9,1917,1345.4,1290.3,-756.1,985.76,-1722.1,-129.83,-2019.8,127.02,-2378.9,0.0002909,0.00020556
0.44,8276.8,-4227.9,3103.7,2504.4,1281.6,1916.9,1342.3,1283.4,-756.35,985.97,-1725,-126.42,-2022.7,133.82,-2378.8,0.00029031,0.00020515
0.441,8273.8,-4237.6,3111.9,2501.4,1272.5,1916.8,1339,1276.6,-756.57,986.11,-1728,-122.98,-2025.6,140.61,-2378.6,0.00028972,0.00020473
0.442,8271,-4247.5,3120.1,2498.5,1263.2,1916.7,1335.9,1269.8,-756.75,986.29,-1731,-119.55,-2028.5,147.45,-2378.6,0.00028913,0.00020431
0.443,8268.3,-4257.6,3128.5,2495.8,1253.8,1916.7,1332.7,1262.8,-756.89,986.48,-1734.1,-116.06,-2031.5,154.33,-2378.6,0.00028852,0.00020388
0.444,8265.5,-4267.6,3136.8,2492.9,1244.5,1916.7,1329.6,1255.9,-757,986.63,-1737.1,-112.58,-2034.5,161.2,-2378.5,0.00028792,0.00020346
0.445,8262.6,-4277.2,3144.9,2489.9,1235.3,1916.6,1326.4,1249.1,-757.08,986.69,-1740,-109.09,-2037.5,168.06,-2378.5,0.00028731,0.00020303
0.446,8259.7,-4287,3153.1,2487,1226.1,1916.6,1323.2,1242.2,-757.13,986.76,-1743,-105.58,-2040.5,174.95,-2378.5,0.0002867,0.0002026
0.447,8256.9,-4296.9,3161.4,2484.1,1216.8,1916.7,1320,1235.3,-757.14,986.86,-1746,-102.06,-2043.6,181.89,-2378.5,0.00028609,0.00020216
0.448,8253.7,-4306.2,3169.3,2481,1207.9,1916.5,1316.8,1228.6,-757.14,986.8,-1748.9,-98.536,-2046.6,188.75,-2378.5,0.00028548,0.00020173
0.449,8250.9,-4316.1,3177.6,2478.1,1198.6,1916.6,1313.6,1221.6,-757.08,986.83,-1751.9,-94.967,-2049.8,195.71,-2378.6,0.00028485,0.00020129
0.45,8248.3,-4326.1,3185.9,2475.4,1189.2,1916.8,1310.5,1214.6,-756.98,986.88,-1755,-91.368,-2052.9,202.7,-2378.7,0.00028422,0.00020084
0.451,8245.2,-4335.5,3193.9,2472.3,1180.3,1916.7,1307.2,1207.8,-756.87,986.78,-1757.8,-87.792,-2056.1,209.63,-2378.7,0.00028359,0.0002004
0.452,8242.6,-4345.7,3202.3,2469.6,1170.8,1917,1304.1,1200.7,-756.69,986.82,-1761,-84.143,-2059.3,216.68,-2378.9,0.00028295,0.00019994
0.453,8239.6,-4355.2,3210.3,2466.5,1161.8,1917,1300.9,1193.9,-756.51,986.69,-1763.9,-80.517,-2062.5,223.66,-2379,0.00028231,0.00019949
0.454,8237,-4365.2,3218.7,2463.7,1152.4,1917.2,1297.8,1186.9,-756.26,986.65,-1767,-76.841,-2065.8,230.72,-2379.2,0.00028166,0.00019903
0.455,8233.7,-4374.2,3226.4,2460.5,1143.7,1917.1,1294.4,1180.2,-756.03,986.37,-1769.8,-73.19,-2069,237.67,-2379.3,0.00028102,0.00019858
0.456,8231.1,-4384.3,3234.8,2457.8,1134.2,1917.4,1291.3,1173.1,-755.71,986.31,-1772.9,-69.47,-2072.3,244.77,-2379.6,0.00028036,0.00019812
0.457,8223.7,-4387.1,3239.1,2451.8,1130,1915.1,1286.8,1168.6,-755.72,984.62,-1773.8,-65.996,-2075.1,250.85,-2378.4,0.00027982,0.00019773
0.458,8220.1,-4395.6,3246.7,2448.5,1121.5,1914.9,1283.5,1161.9,-755.35,984.25,-1776.5,-62.346,-2078.3,257.86,-2378.5,0.00027918,0.00019728
0.459,8217.5,-4405.7,3255,2445.8,1112,1915.3,1280.4,1154.8,-754.94,984.12,-1779.6,-58.572,-2081.7,265.02,-2378.9,0.0002785,0.0001968
0.46,8215.3,-4416.3,3263.6,2443.2,1102.3,1915.8,1277.4,1147.6,-754.49,984.08,-1782.9,-54.771,-2085.2,272.24,-2379.3,0.00027782,0.00019632
0.461,8212.6,-4426.1,3271.8,2440.4,1093,1916.1,1274.2,1140.5,-754.03,983.9,-1785.9,-51.014,-2088.6,279.4,-2379.7,0.00027714,0.00019584
0.462,8209.7,-4435.6,3279.9,2437.5,1083.9,1916.3,1271,1133.6,-753.54,983.61,-1788.9,-47.215,-2092.1,286.54,-2380,0.00027646,0.00019536
0.463,8206.7,-4445,3287.8,2434.5,1075,1916.5,1267.8,1126.7,-753.01,983.22,-1791.8,-43.37,-2095.6,293.68,-2380.3,0.00027577,0.00019487
0.464,8204.3,-4455.2,3296.2,2431.8,1065.5,1916.9,1264.6,1119.6,-752.44,982.96,-1795,-39.468,-2099.2,300.91,-2380.7,0.00027507,0.00019438
0.465,8201.5,-4464.7,3304.3,2428.8,1056.4,1917.2,1261.4,1112.6,-751.86,982.58,-1798,-35.598,-2102.7,308.11,-2381.1,0.00027438,0.00019389
0.466,8198.6,-4474.2,3312.2,2425.8,1047.5,1917.4,1258.2,1105.7,-751.25,982.15,-1800.9,-31.708,-2106.3,315.29,-2381.4,0.00027368,0.00019339
0.467,8196,-4484.1,3320.5,2423,1038.2,1917.9,1255,1098.6,-750.6,981.81,-1804,-27.792,-2110,322.56,-2381.9,0.00027297,0.00019289
0.468,8196.4,-4497.9,3330.8,2422,1026,1919.9,1252.4,1089.8,-749.55,982.04,-1808.3,-23.472,-2114.4,330.57,-2382.9,0.00027217,0.00019233
0.469,8193.5,-4507.3,3338.8,2418.9,1017,1920.2,1249.2,1082.9,-748.88,981.6,-1811.2,-19.591,-2118.1,337.81,-2383.3,0.00027146,0.00019183
0.47,8190.5,-4516.6,3346.7,2415.9,1008.2,1920.5,1246,1076,-748.2,981.16,-1814.1,-15.738,-2121.7,345.05,-2383.8,0.00027074,0.00019132
0.471,8187.7,-4526.1,3354.7,2412.9,999.11,1920.8,1242.8,1068.9,-747.44,980.67,-1817,-11.781,-2125.4,352.34,-2384.2,0.00027002,0.00019081
0.472,8183.3,-4532.8,3361.2,2408.6,992.34,1920.1,1238.8,1063.1,-747.03,979.47,-1819.1,-7.9412,-2129,359.26,-2384,0.00026933,0.00019032
0.473,8180.3,-4542,3369,2405.5,983.57,1920.4,1235.5,1056.2,-746.25,978.88,-1822,-3.9874,-2132.8,366.55,-2384.4,0.0002686,0.0001898
0.474,8177.6,-4551.5,3377,2402.6,974.46,1920.8,1232.3,1049.1,-745.39,978.37,-1825,0.012403,-2136.6,373.9,-2385,0.00026786,0.00018928
0.475,8174.8,-4560.8,3384.9,2399.5,965.58,1921.2,1229.1,1042.1,-744.53,977.76,-1827.9,4.0216,-2140.4,381.22,-2385.5,0.00026711,0.00018875
0.476,8171.9,-4570.2,3392.9,2396.6,956.63,1921.6,1225.9,1035.1,-743.65,977.18,-1830.8,8.0244,-2144.2,388.57,-2386,0.00026636,0.00018822
0.477,8168.9,-4579.4,3400.7,2393.4,947.88,1921.9,1222.6,1028.2,-742.79,976.55,-1833.7,11.99,-2148,395.91,-2386.6,0.00026561,0.00018769
0.478,8166.2,-4588.9,3408.7,2390.5,938.8,1922.4,1219.4,1021.1,-741.83,975.98,-1836.7,16.028,-2151.9,403.32,-2387.2,0.00026485,0.00018716
0.479,8163.4,-4598.3,3416.7,2387.6,929.81,1922.9,1216.3,1014.1,-740.86,975.39,-1839.6,20.037,-2155.8,410.74,-2387.9,0.00026408,0.00018661
0.48,8160.5,-4607.5,3424.6,2384.5,921.06,1923.3,1213,1007.1,-739.91,974.71,-1842.5,24.048,-2159.6,418.13,-2388.5,0.00026332,0.00018607
0.481,8157.5,-4616.6,3432.4,2381.4,912.25,1923.7,1209.8,1000.1,-738.9,974.01,-1845.3,28.092,-2163.6,425.56,-2389.1,0.00026254,0.00018552
0.482,8154.6,-4625.9,3440.3,2378.3,903.43,1924.1,1206.6,993.13,-737.91,973.36,-1848.2,32.089,-2167.5,433,-2389.8,0.00026176,0.00018497
0.483,8151.9,-4635.3,3448.2,2375.4,894.39,1924.7,1203.4,986.01,-736.76,972.64,-1851.2,36.232,-2171.5,440.51,-2390.5,0.00026097,0.00018441
0.484,8148.8,-4644.1,3455.8,2372.2,885.89,1925,1200.1,979.17,-735.7,971.79,-1854,40.305,-2175.5,447.94,-2391.2,0.00026019,0.00018386
0.485,8146,-4653.5,3463.7,2369.3,876.93,1925.5,1197,972.08,-734.45,970.95,-1856.9,44.542,-2179.6,455.48,-2392,0.00025939,0.00018329
0.486,8143.1,-4662.5,3471.4,2366.3,868.23,1925.9,1193.7,965.11,-733.25,970.06,-1859.8,48.731,-2183.7,462.99,-2392.7,0.00025858,0.00018273
0.487,8140.1,-4671.5,3479.1,2363.2,859.6,1926.3,1190.5,958.19,-732.03,969.12,-1862.6,52.932,-2187.8,470.49,-2393.4,0.00025778,0.00018216
0.488,8137,-4680.3,3486.7,2360.1,851.07,1926.7,1187.2,951.3,-730.83,968.18,-1865.4,57.098,-2191.9,478.01,-2394.1,0.00025697,0.00018158
0.489,8134.1,-4689.3,3494.4,2357.1,842.35,1927.2,1184,944.3,-729.53,967.22,-1868.3,61.357,-2196.1,485.57,-2394.9,0.00025615,0.00018101
0.49,8131.2,-4698.3,3502.1,2354,833.67,1927.6,1180.7,937.31,-728.22,966.25,-1871.1,65.594,-2200.3,493.15,-2395.7,0.00025532,0.00018042
0.491,8128.3,-4707.4,3509.8,2351,824.93,1928.1,1177.5,930.27,-726.86,965.28,-1874,69.857,-2204.6,500.76,-2396.6,0.00025449,0.00017983
0.492,8125.2,-4716.1,3517.3,2347.9,816.47,1928.5,1174.3,923.38,-725.56,964.25,-1876.7,74.065,-2208.8,508.34,-2397.4,0.00025366,0.00017925
0.493,8122.2,-4725,3524.9,2344.7,807.92,1929,1171,916.41,-724.2,963.22,-1879.5,78.306,-2213.1,515.97,-2398.3,0.00025282,0.00017865
0.494,8119.3,-4733.9,3532.5,2341.7,799.31,1929.4,1167.8,909.43,-722.79,962.17,-1882.3,82.585,-2217.4,523.61,-2399.1,0.00025197,0.00017805
0.495,8116.3,-4742.7,3540.1,2338.6,790.73,1929.9,1164.6,902.43,-721.36,961.11,-1885.1,86.869,-2221.7,531.28,-2400,0.00025112,0.00017745
0.496,8113.3,-4751.5,3547.6,2335.5,782.26,1930.4,1161.4,895.49,-719.95,960.01,-1887.9,91.141,-2226,538.94,-2400.9,0.00025026,0.00017684
0.497,8110.3,-4760.2,3555.1,2332.3,773.81,1930.8,1158.1,888.56,-718.5,958.89,-1890.6,95.423,-2230.4,546.62,-2401.8,0.00024939,0.00017623
0.498,8107.3,-4768.9,3562.6,2329.2,765.33,1931.3,1154.9,881.59,-717.02,957.76,-1893.4,99.724,-2234.8,554.32,-2402.8,0.00024852,0.00017562
0.499,8104.3,-4777.6,3570.1,2326.1,756.86,1931.8,1151.7,874.62,-715.51,956.61,-1896.2,104.03,-2239.2,562.05,-2403.8,0.00024765,0.000175
0.5,8101.3,-4786.4,3577.6,2323,748.4,1932.3,1148.5,867.65,-713.97,955.44,-1898.9,108.36,-2243.6,569.78,-2404.7,0.00024676,0.00017437
0.501,8098.4,-4795.2,3585.2,2319.9,739.85,1932.8,1145.3,860.61,-712.38,954.27,-1901.7,112.73,-2248.1,577.55,-2405.8,0.00024587,0.00017374
0.502,8095.2,-4803.6,3592.5,2316.7,731.63,1933.2,1142,853.77,-710.87,953.03,-1904.4,117.02,-2252.5,585.29,-2406.7,0.00024498,0.00017311
0.503,8092.2,-4812.3,3600,2313.6,723.17,1933.7,1138.8,846.78,-709.23,951.79,-1907.1,121.41,-2257.1,593.08,-2407.8,0.00024407,0.00017247
0.504,8089.2,-4820.9,3607.4,2310.5,714.86,1934.2,1135.6,839.87,-707.62,950.51,-1909.8,125.78,-2261.6,600.85,-2408.8,0.00024356,0.00017183
0.505,8086.3,-4829.6,3614.8,2307.4,706.37,1934.7,1132.4,832.85,-705.91,949.23,-1912.6,130.22,-2266.2,608.68,-2409.9,0.00024349,0.00017118
0.506,8082.1,-4836,3620.6,2303.4,700.21,1933.9,1128.4,827.37,-704.56,946.91,-1914.3,134.8,-2270.9,616.05,-2410.3,0.00024342,0.00017056
0.507,8078.3,-4844.1,3628,2300,691.94,1934.4,1125.5,820.4,-702.95,946.04,-1917,138.72,-2275,623.99,-2411.9,0.00024336,0.00016991
0.508,8076.4,-4854,3636.1,2297.6,682.42,1935.6,1122.6,812.58,-700.88,944.84,-1920.2,143.46,-2280.1,632.19,-2413.1,0.00024327,0.00016923
0.509,8068.4,-4855.4,3639.5,2291.4,679.6,1932.9,1118.3,808.97,-700.25,942.37,-1920.4,146.83,-2283.5,639.22,-2413.5,0.00024325,0.00016866
0.51,8071.1,-4872.3,3651.4,2292.1,664.7,1937.2,1116.4,798.12,-696.93,942.12,-1926.2,152.78,-2289.6,648.01,-2415.7,0.00024311,0.00016788
0.511,8067.4,-4879.6,3658,2288.5,657.55,1937,1112.9,791.96,-695.46,940.4,-1928.4,157.15,-2294.2,655.68,-2416.6,0.00024303,0.00016722
0.512,8064.4,-4888.1,3665.3,2285.3,649.38,1937.5,1109.6,785.14,-693.75,939.03,-1931,161.59,-2298.9,663.49,-2417.7,0.00024295,0.00016654
0.513,8061.1,-4896.2,3672.7,2281.9,640.93,1938.3,1107,777.5,-691.88,938.09,-1933.6,165.44,-2303.5,672.01,-2419.4,0.00024288,0.00016584
0.514,8057,-4902.7,3678.5,2277.7,635.37,1937.3,1102.4,773.08,-691.09,935.84,-1935.3,169.99,-2307.8,678.68,-2419.5,0.00024281,0.00016519
0.515,8056,-4914.7,3688.2,2276.3,623.16,1940.1,1100.9,762.83,-687.84,935.52,-1939.6,174.64,-2313.2,688,-2422.1,0.0002427,0.00016444
0.516,8052.7,-4922.6,3694.9,2273.2,615.49,1940.2,1097.4,756.45,-685.89,933.5,-1942.1,179.51,-2318.1,695.71,-2423.1,0.00024263,0.00016375
0.517,8044.7,-4923.7,3698.2,2266.6,613.2,1937.4,1093.1,753.07,-685.56,931.13,-1942,182.47,-2321.5,702.93,-2423.6,0.00024261,0.00016315
0.518,8043.7,-4934.7,3707,2264.1,603.61,1938.9,1089.9,745.52,-683.85,930.2,-1945.4,187.05,-2326.5,710.85,-2424.9,0.00024249,0.0001624
0.519,8041.8,-4944.7,3715.2,2261.8,593.99,1940.3,1087.2,737.43,-681.43,928.86,-1948.6,191.83,-2331.7,719.23,-2426.5,0.0002424,0.00016166
0.52,8039.2,-4953.5,3722.6,2258.8,585.51,1941,1084.1,730.32,-679.36,927.32,-1951.4,196.49,-2336.7,727.24,-2427.8,0.00024231,0.00016093
0.521,8036,-4961.6,3729.7,2255.5,577.64,1941.4,1080.9,723.57,-677.48,925.76,-1953.9,200.92,-2341.5,735.23,-2429.1,0.00024222,0.00016021
0.522,8032.9,-4969.8,3736.8,2252.4,569.52,1942,1077.8,716.63,-675.44,924.18,-1956.6,205.47,-2346.5,743.35,-2430.6,0.00024214,0.00015948
0.523,8028.8,-4976.7,3743.2,2248.8,562.46,1941.9,1074.5,710.38,-673.66,922.47,-1958.7,209.78,-2351.2,751.31,-2432,0.00024207,0.00015876
0.524,8024.2,-4982.7,3748.9,2244.8,556,1941.5,1071.1,704.46,-671.95,920.6,-1960.5,213.93,-2355.6,759.02,-2433.2,0.000242,0.00015805
0.525,8022.8,-4992.8,3757.3,2242,546.97,1942.7,1068,696.83,-669.94,919.15,-1963.6,218.59,-2361,767.45,-2434.5,0.00024189,0.00015727
0.526,8020,-5001.4,3764.6,2239,538.6,1943.4,1064.9,689.71,-667.73,917.55,-1966.4,223.28,-2366.1,775.61,-2436.1,0.00024179,0.00015651
0.527,8019.9,-5014.2,3774.1,2238.5,526.2,1946.5,1063,679.78,-663.95,916.46,-1971,229.16,-2372.3,784.52,-2438.4,0.00024167,0.00015569
0.528,8016.4,-5021.8,3780.9,2234.9,518.94,1946.7,1059.6,673.53,-662.22,914.8,-1973.3,233.53,-2377.1,792.4,-2439.8,0.00024159,0.00015493
0.529,8005.7,-5018.8,3781.6,2227.1,519.8,1941.8,1055,672.13,-662.52,911.71,-1971.6,235.79,-2379.9,799.27,-2440.2,0.00024159,0.00015432
0.53,8009.5,-5036.8,3794.2,2228.3,503.86,1947.2,1053.3,660.2,-657.93,911.02,-1978,242.71,-2387.2,808.69,-2442.8,0.00024141,0.0001534
0.531,8007.3,-5046.1,3802,2225.6,494.84,1948.5,1050.6,652.34,-655.49,909.63,-1981,247.35,-2392.5,817.25,-2444.6,0.00024131,0.0001526
0.532,7996.4,-5042.8,3802.6,2217.2,496.5,1943.3,1045.5,651.84,-656.37,906.66,-1979.1,249.29,-2395,823.7,-2444.7,0.00024132,0.00015198
0.533,8001.4,-5062.6,3816,2219.3,479.17,1949.5,1044.1,638.95,-651.28,906.09,-1986.2,256.73,-2402.7,833.33,-2447.6,0.00024112,0.00015101
0.534,7992.6,-5062.1,3818.4,2212.1,478.31,1946,1039.7,636.5,-651.2,903.45,-1985.3,259.15,-2406.1,840.69,-2448.3,0.0002411,0.00015034
0.535,7993.5,-5075.8,3828.5,2211.5,465.9,1949.1,1037.5,626.66,-647.63,902.2,-1990,265.14,-2412.5,849.55,-2450.5,0.00024095,0.00014945
0.536,7990.3,-5083.6,3835.3,2208.4,458.13,1949.6,1034.4,619.84,-645.34,900.31,-1992.5,269.86,-2417.8,857.83,-2452.1,0.00024086,0.00014864
0.537,7987.2,-5091.4,3842.1,2205.1,450.49,1950,1031.3,613.06,-643.15,898.5,-1995,274.42,-2423,866.09,-2453.8,0.00024076,0.00014782
0.538,7984.5,-5099.9,3849.3,2202.1,442.26,1950.8,1028.3,605.9,-640.73,896.74,-1997.7,279.18,-2428.3,874.44,-2455.5,0.00024066,0.00014699
0.539,7981.3,-5107.5,3856,2198.8,434.87,1951.1,1025.1,599.3,-638.59,894.81,-2000,283.75,-2433.5,882.68,-2457.1,0.00024056,0.00014616
0.54,7977.9,-5115,3862.6,2195.4,427.48,1951.5,1022,592.66,-636.4,892.91,-2002.3,288.28,-2438.7,890.95,-2458.8,0.00024047,0.00014533
0.541,7975.1,-5123.2,3869.6,2192.3,419.53,1952.1,1019,585.64,-634,891.08,-2004.9,292.99,-2444.1,899.31,-2460.6,0.00024036,0.00014449
0.542,7972.3,-5131.5,3876.7,2189.3,411.46,1952.9,1016.1,578.54,-631.54,889.25,-2007.6,297.75,-2449.5,907.69,-2462.4,0.00024026,0.00014363
0.543,7969.3,-5139.4,3883.6,2186.2,403.67,1953.5,1013.1,571.62,-629.15,887.37,-2010.1,302.43,-2454.8,916.05,-2464.2,0.00024016,0.00014277
0.544,7966.3,-5147.4,3890.5,2183,395.92,1954,1010.1,564.71,-626.75,885.48,-2012.6,307.11,-2460.2,924.43,-2466,0.00024005,0.00014191
0.545,7963.1,-5155,3897.2,2179.7,388.44,1954.5,1007,557.97,-624.43,883.55,-2014.9,311.71,-2465.5,932.79,-2467.8,0.00023995,0.00014104
0.546,7960.4,-5163.3,3904.3,2176.8,380.33,1955.3,1004.1,550.8,-621.87,881.69,-2017.6,316.52,-2471,941.23,-2469.7,0.00023984,0.00014016
0.547,7957.6,-5171.5,3911.2,2173.8,372.4,1956,1001.2,543.74,-619.35,879.8,-2020.2,321.27,-2476.5,949.68,-2471.6,0.00023973,0.00013927
0.548,7954.9,-5179.7,3918.3,2170.8,364.36,1956.8,998.28,536.59,-616.78,877.92,-2022.9,326.06,-2482,958.14,-2473.5,0.00023962,0.00013838
0.549,7952,-5187.7,3925.1,2167.7,356.58,1957.4,995.32,529.63,-614.28,875.99,-2025.4,330.8,-2487.5,966.57,-2475.4,0.00023951,0.00013748
0.55,7948.9,-5195.4,3931.8,2164.4,349.09,1957.9,992.32,522.84,-611.86,874.01,-2027.8,335.45,-2492.9,975,-2477.3,0.00023941,0.00013658
0.551,7946.2,-5203.6,3938.8,2161.5,341.12,1958.7,989.44,515.73,-609.25,872.08,-2030.5,340.27,-2498.5,983.49,-2479.3,0.00023929,0.00013566
0.552,7942.8,-5210.9,3945.3,2158,333.99,1959,986.39,509.17,-606.91,870.04,-2032.7,344.82,-2503.8,991.9,-2481.2,0.00023919,0.00013475
0.553,7940.2,-5219.2,3952.3,2155.2,325.9,1959.8,983.55,501.97,-604.23,868.14,-2035.4,349.69,-2509.4,1000.4,-2483.2,0.00023907,0.00013382
0.554,7937.2,-5227,3959.1,2152,318.33,1960.4,980.61,495.13,-601.73,866.18,-2037.8,354.37,-2514.9,1008.9,-2485.2,0.00023896,0.00013289
0.555,7934.2,-5234.7,3965.8,2148.7,310.88,1960.9,977.64,488.39,-599.3,864.24,-2040.3,359.01,-2520.3,1017.3,-2487.1,0.00023885,0.00013195
0.556,7931.4,-5242.8,3972.8,2145.6,303.13,1961.6,974.69,481.48,-596.79,862.32,-2042.8,363.75,-2525.9,1025.7,-2489.1,0.00023873,0.000131
0.557,7927.9,-5249.7,3979,2142,296.46,1961.7,971.59,475.14,-594.47,860.06,-2044.8,368.27,-2531.4,1034.2,-2491.1,0.00023863,0.00013005
0.558,7924.6,-5256.8,3985.3,2138.5,289.56,1961.9,968.51,468.73,-592.16,857.96,-2046.9,372.79,-2536.8,1042.6,-2493,0.00023851,0.0001291
0.559,7921.3,-5264.1,3991.8,2135,282.53,1962.2,965.43,462.3,-589.86,855.93,-2049.2,377.32,-2542.2,1051,-2495,0.0002384,0.00012814
0.56,7918.2,-5271.5,3998.3,2131.8,275.27,1962.6,962.52,455.52,-587.26,853.77,-2051.5,382.03,-2547.9,1059.6,-2497.1,0.00023829,0.00012717
0.561,7914.6,-5278,4004.3,2128,268.94,1962.5,959.36,449.37,-585.05,851.46,-2053.3,386.4,-2553.3,1068.2,-2499,0.00023817,0.0001262
0.562,7911,-5284.7,4010.5,2124.4,262.3,1962.6,956.32,443.01,-582.74,849.28,-2055.2,390.81,-2558.8,1076.7,-2501.1,0.00023806,0.00012522
0.563,7907.4,-5291.2,4016.5,2120.6,255.98,1962.5,953.16,436.93,-580.57,847.06,-2057,395.15,-2564.2,1085.2,-2503.1,0.00023795,0.00012424
0.564,7905.2,-5300.1,4023.7,2118.1,247.38,1963.7,950.58,429.26,-577.38,845.04,-2060.1,400.39,-2570.2,1093.9,-2505.4,0.00023782,0.00012321
0.565,7902,-5307.3,4030.1,2114.7,240.37,1964,947.65,422.66,-574.89,842.92,-2062.2,404.95,-2575.8,1102.5,-2507.5,0.0002377,0.0001222
0.566,7898.1,-5313.4,4035.9,2110.7,234.44,1963.8,944.46,416.82,-572.84,840.65,-2063.9,409.14,-2581.2,1111,-2509.6,0.00023759,0.00012121
0.567,7894.4,-5319.8,4041.9,2106.9,228.2,1963.7,941.34,410.77,-570.65,838.41,-2065.7,413.45,-2586.6,1119.5,-2511.6,0.00023747,0.00012019
0.568,7890.9,-5326.5,4048,2103.2,221.75,1963.7,938.27,404.58,-568.37,836.2,-2067.6,417.85,-2592.1,1128.1,-2513.8,0.00023736,0.00011917
0.569,7887.1,-5332.7,4053.8,2099.2,215.73,1963.5,935.14,398.68,-566.23,833.93,-2069.3,422.09,-2597.5,1136.6,-2515.9,0.00023724,0.00011814
0.57,7890.7,-5350.2,4065.5,2101.8,198.66,1969.7,934.66,384.92,-559.26,832.67,-2076.8,430.74,-2605.9,1146.3,-2519.1,0.00023703,0.00011693
0.571,7887.6,-5357.6,4071.9,2098.5,191.6,1970.1,931.76,378.29,-556.65,830.47,-2079,435.43,-2611.7,1154.9,-2521.4,0.0002369,0.00011587
0.572,7884.7,-5365,4078.4,2095.3,184.46,1970.6,928.9,371.58,-553.97,828.27,-2081.3,440.18,-2617.5,1163.6,-2523.6,0.00023677,0.0001148
0.573,7881.4,-5372,4084.6,2091.8,177.72,1970.8,925.96,365.16,-551.45,826.01,-2083.4,444.77,-2623.2,1172.2,-2525.9,0.00023665,0.00011373
0.574,7878.5,-5379.4,4091,2088.6,170.53,1971.3,923.13,358.41,-548.72,823.79,-2085.8,449.56,-2629,1180.9,-2528.2,0.00023651,0.00011264
0.575,7875.7,-5386.9,4097.5,2085.5,163.3,1971.8,920.33,351.61,-545.93,821.55,-2088.1,454.39,-2634.9,1189.6,-2530.5,0.00023638,0.00011154
0.576,7872.7,-5394.3,4103.9,2082.3,156.24,1972.3,917.49,344.94,-543.21,819.3,-2090.4,459.15,-2640.8,1198.3,-2532.8,0.00023625,0.00011044
0.577,7869.7,-5401.5,4110.2,2079,149.25,1972.7,914.65,338.3,-540.5,817.02,-2092.6,463.9,-2646.6,1207,-2535.1,0.00023611,0.00010933
0.578,7866.8,-5409,4116.6,2075.8,142.09,1973.2,911.86,331.55,-537.71,814.78,-2095,468.71,-2652.5,1215.7,-2537.5,0.00023598,0.0001082
0.579,7864.2,-5416.9,4123.4,2072.8,134.56,1974,909.11,324.63,-534.93,812.77,-2097.5,473.52,-2658.3,1224.3,-2539.9,0.00023584,0.00010707
0.58,7859,-5420.8,4127.8,2067.5,131.43,1972.2,905.01,321.35,-534.16,810.14,-2097.8,476.92,-2663.1,1232.2,-2541.6,0.00023574,0.00010599
0.581,7854.5,-5425.7,4132.8,2062.9,126.94,1971.2,901.47,316.79,-532.66,807.61,-2098.8,480.75,-2668.3,1240.5,-2543.7,0.00023562,0.00010488
0.582,7852.6,-5434.7,4140.1,2060.9,117.75,1972.9,899.53,308.06,-528.58,805.48,-2102.2,486.32,-2674.9,1249.8,-2546.6,0.00023546,0.00010369
0.583,7850.4,-5443.2,4147.1,2058.3,109.53,1974,897.11,300.46,-525.23,803.34,-2105.1,491.54,-2681.1,1258.8,-2549.2,0.00023531,0.00010251
0.584,7846.4,-5448.7,4152.5,2054.2,104.23,1973.5,893.95,295,-523.15,800.85,-2106.4,495.68,-2686.7,1267.4,-2551.5,0.00023519,0.00010136
0.585,7843,-5455.3,4158.4,2050.6,98.014,1973.5,891,288.88,-520.69,798.49,-2108.3,500.14,-2692.5,1276.1,-2553.9,0.00023505,0.00010019
0.586,7840,-5462.3,4164.5,2047.1,91.427,1973.8,888.13,282.53,-518.08,796.16,-2110.4,504.76,-2698.4,1284.9,-2556.4,0.00023491,9.8997e-05
0.587,7836.9,-5469.3,4170.7,2043.8,84.804,1974,885.26,276.18,-515.45,793.84,-2112.5,509.4,-2704.2,1293.6,-2558.8,0.00023477,9.7799e-05
0.588,7834.2,-5476.7,4177.1,2040.6,77.848,1974.5,882.47,269.59,-512.68,791.54,-2114.7,514.19,-2710.2,1302.3,-2561.3,0.00023462,9.6585e-05
0.589,7831.2,-5483.7,4183.2,2037.2,71.22,1974.8,879.63,263.21,-510.02,789.21,-2116.9,518.85,-2716.2,1311.1,-2563.8,0.00023447,9.5367e-05
0.59,7827.9,-5490.4,4189.2,2033.6,64.965,1974.9,876.7,257.11,-507.52,786.84,-2118.8,523.36,-2722,1319.7,-2566.2,0.00023433,9.4146e-05
0.591,7825.2,-5497.8,4195.6,2030.4,58.012,1975.4,873.95,250.48,-504.71,784.57,-2121.1,528.13,-2728,1328.5,-2568.7,0.00023418,9.2905e-05
0.592,7822.3,-5504.9,4201.7,2027,51.448,1975.7,871.09,244.18,-502.08,782.23,-2123.1,532.77,-2733.9,1337.2,-2571.2,0.00023403,9.1659e-05
0.593,7819.5,-5512.2,4208,2023.8,44.614,1976.2,868.31,237.67,-499.33,779.94,-2125.4,537.5,-2739.9,1346,-2573.8,0.00023388,9.0398e-05
0.594,7815.5,-5517.6,4213.3,2019.5,39.778,1975.5,865.02,232.65,-497.46,777.4,-2126.5,541.47,-2745.4,1354.6,-2576.2,0.00023374,8.9161e-05
0.595,7819,-5534.3,4224.4,2021.7,23.408,1981.5,864.73,218.83,-490.21,776.03,-2134.1,550.28,-2754,1364.1,-2579.4,0.00023352,8.7727e-05
0.596,7807.5,-5528.8,4224,2011.2,28.96,1974.9,858.71,221.92,-493.52,773.06,-2129.5,549.35,-2755.7,1370.8,-2580.4,0.00023353,8.6686e-05
0.597,7805.2,-5536.7,4230.5,2008.4,21.57,1975.6,856.17,214.9,-490.39,770.68,-2132,554.42,-2762,1379.7,-2583.1,0.00023342,8.5376e-05
0.598,7795.1,-5533,4231,1998.7,26.013,1969.8,850.03,217.3,-493.01,767.42,-2128.1,554.48,-2764.6,1386.8,-2584.2,0.00023342,8.4284e-05
0.599,7800.5,-5552.2,4243.6,2002.5,7.1678,1977,850.93,201.2,-484.35,766.04,-2136.9,564.31,-2774.5,1397.5,-2588.5,0.00023322,8.273e-05
0.6,7797.2,-5558.6,4249.3,1998.6,1.4414,1976.9,847.89,195.52,-482.06,763.62,-2138.6,568.61,-2780.3,1406.2,-2591,0.00023312,8.1421e-05
