0.301,5293.2,350.61,1758.4,1894.1,3091.9,2927,2894.4,942.77,1445.2,1318.5,-1627.1,-1868.8,-125.92,-19.513,-6358.2,0.00023383,9.2152e-05
0.302,5295.5,341.16,1761.9,1896.4,3081.7,2919.5,2894.7,935.83,1433.2,1321.8,-1624.7,-1874.2,-128,-9.2881,-6353.2,0.00023374,9.1907e-05
0.303,5297.8,331.74,1765.2,1898.9,3071.7,2911.8,2894.9,929.16,1421.2,1324.8,-1622.1,-1879.5,-130.27,0.90983,-6348.2,0.00023365,9.1663e-05
0.304,5300,322.11,1769.7,1900.7,3060.5,2905.5,2895.8,920.62,1409.3,1329.8,-1620.4,-1886.1,-131.4,11.675,-6344,0.00023357,9.1414e-05
0.305,5302.5,312.74,1772.4,1903.5,3051.1,2897,2895.6,914.97,1397.3,1331.8,-1617.3,-1890.6,-134.36,21.528,-6338.4,0.00023348,9.1171e-05
0.306,5304.8,303.07,1776.4,1905.5,3040.4,2890.2,2896.4,907.13,1385.4,1336.1,-1615.2,-1896.8,-135.89,32.093,-6334,0.00023339,9.0922e-05
0.307,5308.3,294.13,1774.6,1911.2,3035.3,2875.7,2893.8,908.71,1372.7,1330.8,-1608.8,-1896,-143.37,40.066,-6325.5,0.0002333,9.0687e-05
0.308,5309.8,283.86,1783.1,1910.5,3020.3,2874.9,2896.9,893.77,1361.4,1342.4,-1610.1,-1907.3,-140.44,52.33,-6323.9,0.00023321,9.0429e-05
0.309,5312.4,274.28,1785.9,1913.3,3010.6,2866.6,2897,887.84,1349.4,1344.7,-1607.2,-1912,-143.19,62.196,-6318.6,0.00023312,9.0183e-05
0.31,5316.2,265.32,1783.1,1919.6,3006.4,2850.8,2894,890.99,1336.6,1338,-1600,-1910.3,-151.62,69.954,-6309.7,0.00023303,8.9947e-05
0.311,5321.9,256.98,1772.3,1931,3009.6,2824.4,2886.9,906.78,1322.6,1318.6,-1586.9,-1899.7,-167.96,74.653,-6296,0.00023294,8.9728e-05
0.312,5324.6,247.07,1775.6,1933.8,2999.5,2816.6,2887.4,900.24,1310.5,1321.8,-1584.2,-1905.1,-170.24,84.916,-6291.3,0.00023285,8.9478e-05
0.313,5327.5,237.36,1777.9,1937,2990.3,2807.7,2887.3,895.12,1298.4,1323.5,-1581,-1909.3,-173.43,94.67,-6285.8,0.00023276,8.9232e-05
0.314,5330.5,227.72,1779.7,1940.6,2981.7,2797.9,2886.9,891,1286.2,1324.2,-1577.2,-1912.8,-177.27,104.14,-6280,0.00023266,8.8985e-05
0.315,5333.2,217.63,1783.2,1943.3,2971.3,2790.4,2887.6,884.2,1274.2,1327.8,-1574.8,-1918.4,-179.29,114.44,-6275.4,0.00023257,8.8733e-05
0.316,5336.2,207.72,1785.7,1946.6,2962,2781.4,2887.6,879.13,1262.1,1329.5,-1571.5,-1922.7,-182.44,124.24,-6270.1,0.00023248,8.8484e-05
0.317,5338.7,197.34,1790.6,1948.6,2950.4,2775.6,2889,870.32,1250.2,1335.2,-1570.1,-1929.7,-183.1,134.95,-6266.5,0.00023238,8.8229e-05
0.318,5341.8,187.74,1791.8,1952.5,2942.2,2765.2,2888.5,866.94,1238,1335.2,-1566,-1932.8,-187.43,144.43,-6260.5,0.00023229,8.7981e-05
0.319,5344.1,177.3,1797.6,1954,2929.7,2760.3,2890.2,857,1226.4,1341.9,-1565.3,-1940.5,-187.28,155.2,-6257.1,0.00023219,8.7724e-05
0.32,5346.2,167.19,1803.5,1955.2,2917.2,2755.9,2892.2,846.54,1214.8,1349.1,-1564.6,-1948.6,-186.98,166.47,-6254.2,0.0002321,8.7468e-05
0.321,5347,157.87,1812.4,1953.4,2902,2756.2,2895.7,830.28,1203.9,1361.7,-1566,-1960.9,-183.83,179.61,-6253.3,0.000232,8.7206e-05
0.322,5353.3,152.95,1793,1967.1,2913,2722.3,2884.5,854.97,1189.7,1332.4,-1547.2,-1943.4,-208.18,182.56,-6234.7,0.00023191,8.7003e-05
0.323,5356.5,142.68,1795.4,1970.9,2903.4,2713,2885.5,849.76,1177.4,1334.6,-1543.6,-1948.7,-211.38,193.77,-6230.9,0.00023181,8.6745e-05
0.324,5359.7,132.57,1797.7,1974.5,2894.1,2703.8,2885.9,844.81,1165.2,1336.5,-1540.2,-1953.2,-214.68,204,-6226.1,0.00023171,8.649e-05
0.325,5366.7,117.78,1796.2,1985.2,2888.2,2685.4,2884.1,851.46,1151.3,1328.7,-1533.7,-1950.1,-221.93,209.66,-6218.2,0.0002316,8.6241e-05
0.326,5369.6,108.09,1798.5,1988.3,2879.1,2676.7,2884.2,846.19,1139.4,1330.7,-1530.4,-1954.6,-225.16,219.65,-6213.1,0.0002315,8.5989e-05
0.327,5372.6,97.914,1801.7,1991.3,2869,2668.8,2884.9,839.96,1127.4,1333.9,-1527.6,-1960,-227.55,229.99,-6208.8,0.0002314,8.5736e-05
0.328,5373.1,93.575,1801.2,1991.2,2862.7,2661,2883.5,833.44,1116.4,1335,-1522.7,-1964.2,-233.33,241.11,-6202,0.00023132,8.5502e-05
0.329,5376.4,83.417,1803.1,1994.9,2853.9,2651.5,2883.6,829.12,1104.2,1336.3,-1519,-1968.4,-236.92,251.01,-6197,0.00023122,8.5248e-05
0.33,5379.8,73.4,1804.7,1998.8,2845.4,2641.6,2883.5,825.26,1092,1337.2,-1515,-1972.1,-240.87,260.8,-6191.8,0.00023111,8.4997e-05
0.331,5383.3,64.177,1803.7,2003.8,2839.3,2628.8,2881.9,825.05,1079.7,1334,-1509.3,-1972.9,-247.32,269.35,-6184.5,0.00023101,8.4754e-05
0.332,5386.6,54.514,1804.5,2008,2831.5,2617.9,2881.6,822.17,1067.5,1333.7,-1504.8,-1976,-252.06,279.22,-6179.1,0.00023091,8.4505e-05
0.333,5393.5,38.877,1805.7,2017.3,2823.1,2602.9,2881.6,824.68,1053.8,1330.7,-1500.1,-1976.6,-256.53,286.69,-6173.9,0.00023079,8.4244e-05
0.334,5395,29.613,1812,2017.2,2810.6,2599.9,2883.6,812.99,1042.6,1338.9,-1499.6,-1985.6,-255.89,298.28,-6171.3,0.00023069,8.3989e-05
0.335,5394.7,20.187,1824.4,2013,2792.6,2604.5,2888.5,792.25,1032.5,1356.2,-1503.6,-2001,-249.29,311.98,-6172.2,0.0002306,8.3728e-05
0.336,5398.3,10.264,1825.5,2016.5,2784.5,2595.2,2888.3,787.75,1020.2,1357.6,-1499.2,-2005,-253.76,321.86,-6166.9,0.00023049,8.3479e-05
0.337,5402.4,0.17259,1825.6,2020.7,2777.2,2584.8,2887.7,784.67,1007.7,1357.6,-1494.2,-2007.9,-259.11,331.21,-6160.9,0.00023038,8.3231e-05
0.338,5406.8,-9.7275,1823.6,2026.7,2771.9,2570.8,2886,785.82,995.04,1353.6,-1487.7,-2008.2,-266.47,339.75,-6153.7,0.00023027,8.2988e-05
0.339,5410.5,-19.938,1824.4,2031.2,2764.1,2560,2885.6,783.22,982.81,1353.3,-1483.2,-2011,-271.15,349.12,-6148.2,0.00023017,8.2739e-05
0.34,5414.2,-29.973,1824.9,2035.7,2756.6,2548.8,2885.1,781.05,970.57,1352.6,-1478.5,-2013.6,-276.15,358.48,-6142.5,0.00023006,8.2492e-05
0.341,5416.1,-39.88,1830,2037.7,2745.1,2542.4,2886.8,773.18,959.23,1357.5,-1477.1,-2020.4,-276.63,369.38,-6139.5,0.00022996,8.224e-05
0.342,5419.6,-50.035,1830.8,2042.8,2737.4,2530.3,2886.3,772.1,947.15,1355.8,-1472.6,-2022.4,-281.35,378.54,-6133.9,0.00022985,8.1993e-05
0.343,5425.8,-60.521,1823.8,2052.9,2736.4,2509.2,2882.5,781.55,933.64,1343.9,-1462.5,-2017.1,-293.52,385.21,-6124.2,0.00022973,8.1755e-05
0.344,5430.6,-70.95,1821.3,2059.9,2731.5,2493.9,2880.8,784.07,920.83,1338.7,-1455.6,-2016.7,-301.36,393.66,-6117.1,0.00022962,8.1511e-05
0.345,5434.9,-81.021,1820,2065.6,2725.6,2480.5,2879.6,784.58,908.35,1335.5,-1449.5,-2017.5,-308.09,402.41,-6110.6,0.00022951,8.1267e-05
0.346,5438.7,-91.014,1820.1,2070.3,2718.5,2469.1,2879,782.79,896.12,1334.4,-1444.5,-2019.9,-313.38,411.73,-6104.9,0.0002294,8.1023e-05
0.347,5442.6,-100.91,1819.8,2075.1,2711.7,2457.3,2878.2,781.48,883.86,1332.9,-1439.3,-2021.9,-319.04,420.97,-6099,0.00022929,8.078e-05
0.348,5445,-109.44,1823.3,2074.7,2701.7,2453.6,2879.1,770.86,872.31,1340,-1436.6,-2030.2,-321.13,432.46,-6095.3,0.00022918,8.0538e-05
0.349,5448.9,-118.86,1821.9,2080,2696.1,2440.4,2877.9,771.16,859.99,1336.9,-1430.4,-2031.3,-327.9,441.68,-6089,0.00022907,8.0297e-05
0.35,5452.5,-128.58,1821.8,2084.5,2689.2,2428.9,2877.2,769.5,847.86,1335.6,-1425.3,-2033.6,-333.33,451.03,-6083.3,0.00022895,8.0058e-05
0.351,5456.1,-138.67,1822.7,2088.8,2681.3,2418.4,2877.1,766.67,835.76,1335.7,-1420.9,-2036.9,-337.86,460.71,-6078.2,0.00022884,7.9816e-05
0.352,5460.6,-148.03,1819.3,2095.3,2677.5,2402.9,2874.8,769.75,823.15,1329.8,-1413.3,-2036,-346.56,469.19,-6070.8,0.00022872,7.9579e-05
0.353,5464.6,-158,1818.9,2100.3,2670.8,2390.8,2874.1,768.73,810.93,1328.1,-1407.9,-2038,-352.32,478.45,-6065.1,0.00022861,7.934e-05
0.354,5468.5,-168.01,1818.7,2105.2,2664,2379,2873.5,767.49,798.7,1326.7,-1402.6,-2040.2,-357.9,487.85,-6059.6,0.00022849,7.9103e-05
0.355,5472.5,-177.78,1817.5,2110.6,2658.1,2366,2872.4,767.62,786.44,1323.8,-1396.7,-2041.3,-364.41,496.79,-6053.4,0.00022838,7.8866e-05
0.356,5476.4,-187.75,1817.3,2115.4,2651.3,2354.2,2871.7,766.38,774.29,1322.3,-1391.5,-2043.4,-369.98,506.04,-6047.8,0.00022826,7.863e-05
0.357,5480.3,-197.65,1816.8,2120.4,2644.8,2342.1,2871,765.56,762.13,1320.4,-1386.1,-2045.3,-375.81,515.23,-6042,0.00022814,7.8396e-05
0.358,5484.1,-207.81,1817.2,2125.1,2637.5,2330.9,2870.7,763.61,750.02,1319.8,-1381.3,-2047.9,-380.85,524.69,-6036.8,0.00022802,7.816e-05
0.359,5487.9,-217.72,1817.1,2129.8,2630.6,2319.3,2870.1,762.24,737.99,1318.4,-1376.2,-2050.1,-386.25,533.86,-6031.2,0.00022791,7.7928e-05
0.36,5491.7,-227.72,1817.2,2134.5,2623.6,2307.9,2869.6,760.65,725.94,1317.3,-1371.2,-2052.4,-391.51,543.16,-6025.8,0.00022779,7.7696e-05
0.361,5495.2,-238.29,1819.4,2138.3,2614.5,2298.8,2870.3,756.19,714.05,1319.3,-1367.7,-2057,-394.73,553.22,-6021.8,0.00022767,7.7463e-05
0.362,5499.3,-248.28,1818.6,2143.7,2608.3,2286.1,2869.4,756.1,701.91,1316.7,-1362.1,-2058.2,-400.9,562.09,-6015.8,0.00022755,7.7236e-05
0.363,5503.4,-258.04,1817.3,2149.1,2602.6,2273.1,2868.2,756.47,689.76,1313.7,-1356.2,-2059.2,-407.44,570.96,-6009.7,0.00022743,7.7008e-05
0.364,5507.4,-268.32,1817.4,2154,2595.5,2261.6,2868,754.86,677.66,1312.8,-1351.2,-2061.8,-412.66,580.35,-6004.6,0.0002273,7.6781e-05
0.365,5511.3,-278.57,1817.7,2158.7,2588.2,2250.4,2867.8,753.01,665.61,1312.1,-1346.3,-2064.5,-417.69,589.82,-5999.6,0.00022718,7.6554e-05
0.366,5515.5,-288.21,1815.8,2164.4,2583.1,2236.6,2866.3,754.34,653.44,1308.1,-1339.9,-2064.8,-424.86,598.45,-5993.1,0.00022706,7.6334e-05
0.367,5519.5,-298.53,1815.9,2169.3,2575.9,2225.2,2866.1,752.73,641.35,1307.3,-1335,-2067.4,-430.02,607.93,-5988.1,0.00022693,7.6111e-05
0.368,5523.4,-308.57,1815.8,2174.1,2569.1,2213.7,2865.6,751.35,629.32,1306.1,-1329.8,-2069.6,-435.47,617.18,-5982.8,0.00022681,7.5891e-05
0.369,5527.2,-318.94,1816.7,2178.5,2561.3,2203.4,2865.7,748.48,617.37,1306.5,-1325.4,-2073,-439.89,626.81,-5978.2,0.00022669,7.5669e-05
0.37,5531.2,-328.72,1815.6,2183.7,2555.5,2190.7,2864.7,748.49,605.31,1303.8,-1319.6,-2074.2,-446.24,635.69,-5972.3,0.0002266,7.5454e-05
0.371,5535,-339.26,1816.9,2188,2547.3,2180.8,2865.1,745.18,593.36,1304.8,-1315.4,-2078,-450.32,645.54,-5968.1,0.00022651,7.5236e-05
0.372,5538.9,-349.22,1816.8,2192.6,2540.4,2169.5,2864.7,743.6,581.44,1303.8,-1310.3,-2080.4,-455.62,654.85,-5962.9,0.00022642,7.5022e-05
0.373,5543.1,-359.21,1815.7,2198,2534.5,2156.8,2863.9,743.66,569.33,1301.3,-1304.5,-2081.8,-461.97,663.89,-5957.2,0.00022632,7.4812e-05
0.374,5547.3,-368.7,1813.2,2203.9,2530,2142.4,2862.2,745.7,557.18,1296.6,-1297.7,-2081.7,-469.65,672.48,-5950.8,0.00022623,7.4605e-05
0.375,5551.4,-378.76,1812.6,2209.1,2523.6,2130.2,2861.7,745.18,545.16,1294.7,-1292.1,-2083.5,-475.54,681.71,-5945.5,0.00022614,7.4398e-05
0.376,5555.6,-388.4,1810.5,2214.9,2518.7,2116.4,2860.3,746.63,533.07,1290.7,-1285.7,-2083.9,-482.73,690.45,-5939.3,0.00022604,7.4196e-05
0.377,5559.7,-398.59,1810.2,2219.9,2512,2104.5,2860,745.68,521.09,1289.2,-1280.4,-2086.1,-488.29,699.75,-5934.3,0.00022595,7.3993e-05
0.378,5563.9,-408.49,1809,2225.4,2506.3,2091.6,2859,746.1,509.07,1286.4,-1274.5,-2087.2,-494.76,708.7,-5928.6,0.00022585,7.3794e-05
0.379,5568,-418.79,1808.7,2230.5,2499.6,2079.8,2858.8,745.07,497.09,1285.1,-1269.2,-2089.4,-500.25,718.05,-5923.7,0.00022575,7.3595e-05
0.38,5572.1,-428.5,1807.2,2235.9,2494.1,2066.8,2857.7,745.64,485.11,1282,-1263.2,-2090.4,-506.9,726.92,-5917.9,0.00022566,7.3403e-05
0.381,5576.3,-438.44,1806,2241.2,2488.3,2054.1,2856.8,745.81,473.14,1279.4,-1257.3,-2091.7,-513.26,735.85,-5912.3,0.00022556,7.321e-05
0.382,5580.5,-448.34,1804.8,2246.5,2482.6,2041.5,2856,746.03,461.19,1276.7,-1251.5,-2092.9,-519.64,744.78,-5906.7,0.00022546,7.3021e-05
0.383,5584.6,-458.43,1804.1,2251.7,2476.3,2029.3,2855.4,745.56,449.24,1274.9,-1245.9,-2094.8,-525.55,753.97,-5901.6,0.00022537,7.2833e-05
0.384,5588.8,-468.49,1803.3,2256.9,2470.2,2017,2854.9,745.27,437.29,1272.8,-1240.3,-2096.5,-531.56,763.12,-5896.4,0.00022527,7.265e-05
0.385,5592.9,-478.58,1802.6,2262.1,2464,2004.9,2854.3,744.84,425.4,1270.9,-1234.8,-2098.2,-537.47,772.2,-5891.2,0.00022517,7.2468e-05
0.386,5597.1,-488.47,1801.4,2267.4,2458.2,1992.3,2853.5,744.97,413.5,1268.4,-1229,-2099.6,-543.77,781.18,-5885.7,0.00022507,7.2291e-05
0.387,5601.3,-498.77,1801,2272.5,2451.7,1980.4,2853.2,744.17,401.55,1267,-1223.6,-2101.8,-549.4,790.51,-5880.9,0.00022497,7.2115e-05
0.388,5605.4,-508.62,1799.7,2277.8,2446.1,1967.8,2852.3,744.46,389.71,1264.3,-1217.8,-2102.9,-555.78,799.37,-5875.4,0.00022487,7.1944e-05
0.389,5609.6,-518.84,1799.2,2282.9,2439.6,1955.9,2852,743.76,377.83,1262.8,-1212.4,-2105,-561.46,808.61,-5870.5,0.00022477,7.1774e-05
0.39,5613.8,-528.82,1798.1,2288.3,2433.9,1943.3,2851.3,743.97,365.94,1260.2,-1206.6,-2106.4,-567.75,817.6,-5865.2,0.00022466,7.1611e-05
0.391,5618,-538.78,1796.9,2293.6,2428.1,1930.7,2850.5,744.13,354.11,1257.8,-1200.8,-2107.7,-574,826.53,-5859.9,0.00022456,7.145e-05
0.392,5622.2,-548.73,1795.8,2298.8,2422.3,1918.2,2849.8,744.3,342.3,1255.3,-1195.1,-2109,-580.25,835.45,-5854.6,0.00022446,7.1293e-05
0.393,5626.4,-558.97,1795.3,2304,2415.9,1906.3,2849.5,743.61,330.46,1253.8,-1189.7,-2111.2,-585.89,844.71,-5849.8,0.00022436,7.1138e-05
0.394,5630.6,-569.12,1794.7,2309.1,2409.7,1894.3,2849.1,743.19,318.61,1252,-1184.2,-2113.1,-591.7,853.98,-5845,0.00022425,7.0986e-05
0.395,5634.8,-578.91,1793,2314.7,2404.4,1881.1,2848.1,744.13,306.79,1248.8,-1178,-2113.9,-598.46,862.75,-5839.5,0.00022415,7.0841e-05
0.396,5639,-588.91,1791.8,2320,2398.7,1868.5,2847.5,744.37,294.96,1246.3,-1172.2,-2115.3,-604.72,871.78,-5834.3,0.00022404,7.0699e-05
0.397,5643.3,-598.93,1790.7,2325.3,2392.9,1856,2846.9,744.55,283.17,1243.9,-1166.4,-2116.8,-610.94,880.78,-5829.2,0.00022394,7.0561e-05
0.398,5647.6,-608.38,1788.1,2331.1,2388.6,1842,2845.3,746.73,271.38,1239.3,-1159.7,-2116.6,-618.54,889.17,-5823.1,0.00022383,7.0427e-05
0.399,5651.8,-618.76,1787.8,2336.3,2382.1,1830.3,2845.2,745.89,259.59,1238.1,-1154.4,-2118.9,-624.03,898.5,-5818.6,0.00022372,7.0297e-05
0.4,5656.1,-628.77,1786.4,2341.7,2376.5,1817.5,2844.6,746.37,247.74,1235.5,-1148.4,-2120.3,-630.44,907.61,-5813.6,0.00022362,7.0172e-05
0.401,5660.4,-638.7,1784.9,2347.2,2371.1,1804.7,2843.8,747.04,235.97,1232.6,-1142.4,-2121.4,-636.98,916.5,-5808.4,0.00022351,7.0051e-05
0.402,5664.7,-648.78,1783.7,2352.6,2365.5,1792.1,2843.2,747.36,224.19,1230.2,-1136.6,-2122.8,-643.27,925.53,-5803.4,0.0002234,6.9935e-05
0.403,5669.1,-658.28,1781.1,2358.4,2361.2,1778,2841.8,749.52,212.4,1225.7,-1129.8,-2122.8,-650.86,934.09,-5797.5,0.00022329,6.9825e-05
0.404,5673.4,-668.34,1779.9,2363.9,2355.6,1765.4,2841.2,749.9,200.63,1223.2,-1123.9,-2124.2,-657.2,943.15,-5792.6,0.00022318,6.9718e-05
0.405,5677.8,-677.96,1777.5,2369.6,2351.1,1751.7,2839.9,751.71,188.86,1219.2,-1117.2,-2124.5,-664.53,951.79,-5787,0.00022307,6.9618e-05
0.406,5682.1,-687.99,1776.1,2375.1,2345.6,1738.9,2839.3,752.31,177.09,1216.5,-1111.2,-2125.8,-671.02,960.85,-5782,0.00022296,6.9522e-05
0.407,5683.6,-685.08,1753.3,2384.7,2361.6,1704.4,2824.5,780.4,166.27,1181.6,-1091.2,-2103.9,-697.35,961.24,-5760.3,0.00022289,6.9448e-05
0.408,5687.9,-694.56,1750.9,2390.3,2357.2,1690.7,2823.1,782.27,154.6,1177.4,-1084.6,-2104,-704.74,969.7,-5754.4,0.00022278,6.9361e-05
0.409,5692.1,-703.65,1747.9,2395.9,2353.4,1676.5,2821.3,784.86,143.04,1172.3,-1077.7,-2103.4,-712.63,977.7,-5748,0.00022267,6.928e-05
0.41,5696.9,-714.43,1746.9,2401.8,2347.4,1663.9,2821.5,784.97,130.98,1170.6,-1071.7,-2105.7,-718.8,987.62,-5744.2,0.00022255,6.9204e-05
0.411,5700.5,-722.14,1742.4,2407.1,2345.2,1648.8,2818,789.28,119.9,1163.2,-1064.3,-2102.8,-727.89,994.06,-5735.6,0.00022245,6.9133e-05
0.412,5704.5,-730.62,1738.6,2412.8,2342.3,1633.9,2815.4,793,108.51,1156.7,-1056.9,-2101,-736.57,1001.4,-5728.2,0.00022234,6.9069e-05
0.413,5708.9,-740.2,1736,2418.5,2338,1620.1,2814.1,795.02,96.812,1152.6,-1050.2,-2101.2,-744.05,1010,-5722.6,0.00022222,6.9012e-05
0.414,5713.2,-749.31,1733,2424.1,2334.2,1606,2812.3,797.62,85.317,1147.6,-1043.3,-2100.6,-751.95,1018,-5716.3,0.00022211,6.8958e-05
0.415,5717.1,-757.84,1729.4,2429.6,2331.1,1591.5,2809.8,801.03,73.978,1141.5,-1036.1,-2099.1,-760.38,1025.4,-5709.1,0.000222,6.8912e-05
0.416,5721.3,-767.07,1727,2434.9,2326.8,1578.1,2808.3,802.76,62.58,1137.5,-1029.6,-2099.1,-767.67,1033.6,-5703.2,0.00022189,6.887e-05
0.417,5725.4,-775.82,1723.6,2440.4,2323.4,1563.8,2806.2,805.74,51.157,1132,-1022.5,-2098.2,-775.87,1041.4,-5696.4,0.00022177,6.8836e-05
0.418,5730.5,-785.86,1720.1,2447.2,2319.9,1548.5,2805.2,809.26,38.961,1126.8,-1014.6,-2098.2,-784.54,1050.8,-5691.6,0.00022165,6.8807e-05
0.419,5734,-792.63,1714.1,2452.6,2319.3,1532.1,2800.7,815.55,28.103,1117.1,-1006.2,-2093.6,-795.08,1056.5,-5681.9,0.00022154,6.8785e-05
0.42,5738.2,-801.35,1710.2,2458.4,2316.5,1517.1,2798.4,819.34,16.625,1110.9,-998.61,-2092.3,-803.85,1064.5,-5675.3,0.00022143,6.8768e-05
0.421,5746.9,-837.16,1755.6,2454.9,2263.3,1550.8,2831.4,758.93,2.3786,1179.6,-1022.1,-2147.6,-766.61,1096.6,-5709.9,0.00022123,6.8769e-05
0.422,5751.7,-846.59,1751.6,2461.4,2260.4,1535.4,2829.5,763.02,-9.431,1173.5,-1014.3,-2146.5,-775.48,1104.9,-5703.8,0.00022111,6.8771e-05
0.423,5756.7,-857.04,1749.5,2467.5,2255.5,1521.9,2829,764.61,-21.314,1170.3,-1007.7,-2147.6,-782.56,1114,-5699.2,0.00022098,6.878e-05
0.424,5755.6,-837.84,1697.5,2480.8,2302.4,1460.5,2791.3,830.51,-29.081,1090.8,-970.43,-2090.4,-835.91,1097.3,-5651.2,0.00022095,6.8771e-05
0.425,5758.9,-844.93,1693,2485.3,2300.5,1446,2787.3,834.7,-39.517,1083.3,-963.3,-2087.2,-844.84,1103.3,-5642.4,0.00022084,6.8786e-05
0.426,5762.9,-853.59,1689.7,2490.5,2297.3,1432.1,2785.1,837.5,-50.543,1078.1,-956.47,-2086.3,-852.8,1111,-5636,0.00022073,6.8811e-05
0.427,5767.7,-863.34,1686.7,2496.3,2293.6,1418.2,2783.6,840.04,-62.005,1073.6,-949.59,-2086.4,-860.54,1119.4,-5630.6,0.0002206,6.8844e-05
0.428,5772.7,-873.23,1683.6,2502.5,2289.9,1403.9,2782.4,842.83,-73.724,1069.1,-942.29,-2086.6,-868.59,1128.4,-5625.6,0.00022047,6.8885e-05
0.429,5776.9,-881.34,1678.7,2507.9,2288.3,1388.6,2779.1,847.51,-84.711,1061.7,-934.44,-2084.1,-878.02,1135.4,-5618.1,0.00022035,6.8928e-05
0.43,5780.9,-889.48,1674.7,2512.9,2285.8,1374.5,2776.3,850.93,-95.521,1055.7,-927.26,-2082.6,-886.53,1142.6,-5611,0.00022023,6.8983e-05
0.431,5784.8,-897.69,1670.8,2517.7,2283.2,1360.5,2773.5,854.26,-106.24,1049.8,-920.17,-2081.1,-894.94,1149.8,-5603.9,0.00022012,6.9046e-05
0.432,5789.9,-908.02,1668.6,2523.3,2278.6,1347.6,2772.8,855.62,-117.73,1046.9,-913.71,-2082.4,-901.88,1158.7,-5599.4,0.00021999,6.9119e-05
0.433,5808,-950.64,1700.3,2535.8,2235.8,1359.2,2806,817.37,-139.25,1098.2,-923.25,-2129.5,-879.72,1194.2,-5635.2,0.00021971,6.9287e-05
0.434,5814,-965.45,1705.2,2540.6,2223.2,1353,2810.7,809.59,-151.79,1106.3,-921.12,-2138.7,-880.16,1206,-5635.6,0.00021957,6.939e-05
0.435,5819.3,-974.76,1700,2547.3,2221.5,1336.8,2808.3,815.09,-163.56,1099,-912.54,-2136.9,-890.08,1213.9,-5629,0.00021944,6.9492e-05
0.436,5824.3,-982.67,1692.6,2554.2,2222.1,1318.5,2804.2,823.38,-175.04,1088.4,-902.6,-2132.6,-902.07,1220.7,-5620.7,0.00021931,6.9598e-05
0.437,5829.5,-990.96,1685.7,2561,2222.3,1300.7,2800.5,831.06,-186.58,1078.6,-892.94,-2128.9,-913.62,1228,-5612.9,0.00021918,6.9716e-05
0.438,5834.9,-999.95,1679.5,2567.9,2221.6,1283.6,2797.5,837.78,-198.32,1070.1,-883.65,-2126.2,-924.52,1235.6,-5605.9,0.00021904,6.9843e-05
0.439,5840.3,-1008.4,1672.6,2574.6,2221.8,1266.1,2793.7,845.27,-209.81,1060.6,-874.09,-2122.7,-936.03,1242.7,-5598,0.00021891,6.9976e-05
0.44,5845,-1015.2,1664.2,2580.8,2223.9,1247.5,2788.4,854.56,-220.79,1048.6,-863.74,-2117.3,-948.88,1249,-5588.8,0.00021878,7.0115e-05
0.441,5847.6,-1017,1651.6,2585.2,2231.6,1226,2778.2,868.95,-229.68,1029.2,-851.77,-2105.9,-965.49,1252.5,-5575.3,0.00021866,7.0249e-05
0.442,5853.8,-1028,1648,2591.3,2227.3,1212.4,2777,871.63,-241.84,1025.7,-844.39,-2106.4,-973.69,1260.1,-5568.5,0.00021852,7.0402e-05
0.443,5856.1,-1029.5,1636.2,2594.1,2234.4,1193.3,2766.1,884.32,-249.98,1007.8,-833.77,-2095,-989.22,1261.9,-5553.6,0.00021841,7.0544e-05
0.444,5858.5,-1031.8,1626.2,2596,2239.8,1176.5,2755.6,894.55,-257.65,992.33,-824.91,-2084.6,-1002.9,1263.3,-5539,0.0002183,7.0694e-05
0.445,5861.3,-1035.4,1617.8,2597.9,2243.4,1161.3,2746.3,902.76,-265.52,979.38,-817.13,-2076,-1015.1,1265.1,-5525.4,0.00021818,7.0857e-05
0.446,5863.1,-1037.7,1609.6,2598,2247.3,1147.8,2735.1,910.44,-271.92,965.98,-810.88,-2065.7,-1026.5,1264.4,-5509.5,0.00021807,7.1014e-05
0.447,5875.8,-1058.2,1608.7,2609.7,2237.8,1133.6,2739.8,911.91,-287.94,968.57,-803.64,-2071.9,-1032.9,1274.7,-5507.9,0.00021788,7.1241e-05
0.448,5886.7,-1074.1,1604.1,2618.1,2233,1119.2,2738.5,916.59,-301.27,965.36,-796.23,-2071.5,-1041.9,1279.3,-5499,0.00021772,7.1453e-05
0.449,5839.8,-1005.6,1580.2,2566,2274.9,1122.9,2665.9,935.12,-264.46,900.8,-809.42,-1995.8,-1058.2,1220.9,-5417.3,0.00021801,7.1294e-05
0.45,5839.1,-1005.1,1573.6,2561.9,2278.5,1113.3,2651.5,940.34,-267.75,887.45,-806.63,-1982.6,-1067.5,1215.8,-5397.4,0.00021793,7.1451e-05
0.451,5838.8,-1005.3,1567.8,2557,2280.7,1105.4,2637.1,944.15,-270.24,875.7,-805.62,-1969.8,-1075.2,1209.6,-5376.8,0.00021785,7.1601e-05
0.452,5908.6,-1097.6,1569.5,2620.8,2245,1068.5,2689.3,950.26,-327.62,914.31,-776.1,-2023.7,-1088.1,1258.8,-5419.7,0.00021721,7.2173e-05
0.453,5916.8,-1106.8,1562.1,2621.6,2245.7,1058.2,2676.7,957.4,-333.84,903.82,-773.76,-2011.2,-1098.1,1249.9,-5397.4,0.00021707,7.2365e-05
0.454,5846.9,-1017.8,1553.1,2549.2,2281.2,1082.6,2599.6,954.3,-281.83,847.2,-804.3,-1935.6,-1096.4,1189.1,-5317.2,0.00021752,7.2131e-05
0.455,5854.9,-1028.9,1548.8,2551.5,2278.5,1073.6,2591.4,957.89,-289.24,841.21,-802.66,-1928.1,-1103.5,1184.2,-5300.5,0.00021737,7.2352e-05
0.456,5863.2,-1039.2,1543.7,2551.7,2276.4,1066.2,2580.2,961.76,-294.91,834.05,-802.77,-1917.3,-1110.6,1174.5,-5278.8,0.00021723,7.2557e-05
0.457,5914.5,-1095.3,1536.1,2576.8,2266.1,1050.3,2579.1,976.02,-315.39,836.9,-801.43,-1911.8,-1125.2,1161.2,-5261,0.00021673,7.2928e-05
0.458,5920.4,-1099.1,1528.3,2567.9,2268.4,1049.3,2553.4,981.69,-312.66,821.95,-809.86,-1884.4,-1132,1130.7,-5218.1,0.00021662,7.3035e-05
0.459,5927.5,-1103.6,1519.9,2558.9,2270.8,1048.5,2526.5,987.87,-309.76,806.35,-818.65,-1855.6,-1139.2,1097.9,-5172.5,0.00021651,7.3126e-05
0.46,5939,-1112.6,1510.2,2552.3,2272.3,1046.8,2499.5,995.57,-308.59,791.12,-827.14,-1825.8,-1147.3,1062.2,-5123.6,0.00021638,7.3209e-05
0.461,5952.4,-1123.4,1500.1,2546.2,2273.6,1045,2471.4,1004,-307.94,775.63,-835.7,-1794.9,-1156,1024.6,-5072,0.00021625,7.3275e-05
0.462,5968,-1136,1489.7,2540.5,2274.6,1043.2,2442,1013.2,-307.69,759.68,-844.79,-1762.4,-1165.2,984.77,-5017.4,0.00021609,7.3326e-05
0.463,5988,-1151.7,1477.5,2534.6,2275.6,1042.1,2408.4,1024.1,-307.13,741.89,-855.84,-1724.5,-1175.5,936.7,-4953.1,0.00021592,7.3322e-05
0.464,5996,-1155.6,1468.5,2523.2,2278.1,1043.2,2377,1029.7,-302.94,724.81,-866.87,-1691.4,-1182.3,898.21,-4899.2,0.00021581,7.3352e-05
0.465,6002,-1157.1,1459.7,2510.2,2280.7,1045.3,2344.4,1034.7,-298,707.43,-878.66,-1657.7,-1188.4,859.36,-4844.6,0.00021572,7.3369e-05
0.466,6010.2,-1160.7,1450.4,2498.3,2282.8,1046.7,2312.1,1040.2,-294.14,690.32,-890.07,-1623.8,-1195,819.7,-4788.2,0.00021561,7.3373e-05
0.467,6018.8,-1164.5,1441.1,2486.3,2284.8,1048.2,2279.4,1045.6,-290.37,673.17,-901.59,-1589.9,-1201.6,779.98,-4731.5,0.0002155,7.3371e-05
0.468,6031.6,-1173,1431.6,2477,2285.3,1048.3,2247.8,1051.8,-289.16,657.37,-912.13,-1557.2,-1208.8,740.69,-4674.2,0.00021536,7.3367e-05
0.469,6045.3,-1181.9,1421.6,2467.9,2285.7,1048.2,2215.7,1058.1,-288.14,641.01,-922.46,-1523.9,-1216.4,700.65,-4615.1,0.00021521,7.3342e-05
0.47,6058,-1190.1,1412.6,2458.2,2286,1048.2,2184.2,1063.6,-287.3,625.48,-932.72,-1492,-1223.2,662.87,-4558.2,0.00021507,7.3325e-05
0.471,6073.1,-1200.4,1402.8,2449.9,2285.4,1047.7,2152.7,1069,-287.12,609.92,-943.03,-1459.3,-1230.7,624.2,-4499.3,0.00021491,7.329e-05
0.472,6088.9,-1211.5,1393.5,2441.5,2284.6,1047.1,2120.9,1074.9,-288.23,595.17,-952.96,-1427.6,-1238,586.45,-4440.7,0.00021474,7.325e-05
0.473,6099.6,-1217.8,1385.7,2431.3,2283.8,1047.1,2090.9,1078.1,-288.1,581.04,-962.55,-1398.4,-1243.6,553.16,-4386.6,0.0002146,7.322e-05
0.474,6110.1,-1224.2,1378.3,2421.2,2282.8,1047.1,2060.9,1081.4,-288.24,567.11,-972.1,-1369.7,-1249,521.23,-4334.1,0.00021446,7.3196e-05
0.475,6124.4,-1233.5,1369.6,2412.8,2281.6,1045.4,2031.5,1084.8,-289.47,553.02,-980.77,-1340.8,-1255.8,489.01,-4279.6,0.00021429,7.3157e-05
0.476,6134.7,-1239.7,1363,2402.4,2280.2,1045.1,2002.5,1086.7,-289.72,539.62,-989.87,-1313.4,-1260.6,458.81,-4228.1,0.00021414,7.3127e-05
0.477,6143.9,-1244.7,1356.2,2392.3,2278.9,1043.9,1974.5,1088.5,-290.72,526.62,-998.02,-1287.4,-1265.3,430.96,-4178.5,0.000214,7.31e-05
0.478,6124.5,-1222.5,1354.5,2368.9,2282.7,1050.4,1947.3,1082.6,-279.55,510.99,-1009.5,-1262.3,-1263.4,407.17,-4141.3,0.00021406,7.3157e-05
0.479,6135.4,-1229.5,1348.1,2359.5,2280.3,1049.9,1918.8,1084.6,-281.37,499.01,-1018.4,-1236.1,-1268,378.72,-4091,0.0002139,7.3126e-05
0.48,6145.6,-1235.8,1342,2349.5,2278.3,1048.9,1891.1,1085.8,-282.73,486.69,-1026.7,-1210.7,-1272.3,351.39,-4041.5,0.00021375,7.3091e-05
0.481,6172.6,-1258.5,1333.5,2347.2,2272.7,1044,1863.8,1089.9,-290.56,476.38,-1033.5,-1184.7,-1280.2,321.54,-3985.2,0.00021349,7.3011e-05
0.482,6175.2,-1258.1,1329.1,2334.7,2270.6,1044.8,1837.4,1088.2,-289.94,464.89,-1042.1,-1161.3,-1282.4,298.57,-3941.3,0.00021339,7.2994e-05
0.483,6204.3,-1283.2,1321.3,2333.1,2264.3,1039.7,1809.5,1093.3,-299.59,455.55,-1048.8,-1135.9,-1290.1,270.22,-3885.7,0.0002131,7.2905e-05
0.484,6244.1,-1318.3,1312.7,2335.5,2255.2,1033.3,1781,1098.8,-312.28,447.63,-1056,-1109.5,-1299.4,240.28,-3825.6,0.00021273,7.2778e-05
0.485,6272.8,-1343.1,1305.7,2334.1,2248.1,1027.4,1755.3,1101.2,-321.74,439.24,-1062.3,-1086.1,-1306.6,216.24,-3773.2,0.00021244,7.2686e-05
0.486,6295,-1362.4,1300.6,2330,2241.3,1023.1,1730,1101.9,-328.96,430.77,-1069.1,-1063.9,-1311.3,194.4,-3724.8,0.0002122,7.2609e-05
0.487,6329.2,-1393,1294.2,2330.7,2231.5,1017.8,1703.3,1104.9,-341.45,424.91,-1076,-1040.8,-1318.3,170.84,-3671.6,0.00021186,7.2497e-05
0.488,6371.8,-1432,1287.6,2335.1,2220.1,1009.6,1677.4,1108.7,-357.33,419.64,-1081.7,-1017.3,-1327.5,149.46,-3617.5,0.00021146,7.236e-05
0.489,6418.9,-1476.4,1283.7,2339.4,2207.3,999.63,1653.7,1109.9,-373.94,415.82,-1086.8,-996.43,-1336,131.98,-3565.2,0.00021102,7.2206e-05
0.49,6461.3,-1516.2,1280.3,2342.1,2194.3,993.28,1626.9,1112.4,-390.48,413.43,-1093.8,-975.56,-1342,114.23,-3515,0.0002106,7.2066e-05
0.491,6503.8,-1556.2,1277.1,2345.6,2180.9,984.56,1603.1,1112.9,-406.59,409.98,-1098.8,-955.61,-1349.1,100.46,-3467.3,0.00021019,7.1922e-05
0.492,6545.9,-1595.5,1273.8,2349.9,2166,976.8,1579.5,1110.3,-419.96,406.36,-1105.8,-933.74,-1356,88.946,-3421.9,0.00020977,7.1776e-05
0.493,5991.2,-1064.2,1310.9,2124.9,2278.3,1088.2,1592.7,1027.4,-225.67,332.16,-1124.8,-946.56,-1263.8,88.536,-3565.1,0.00021396,7.3604e-05
0.494,6029.7,-1097.5,1303.2,2126.1,2269.2,1081.7,1565.1,1032.2,-239.49,325.05,-1131.3,-921.62,-1272.1,59.741,-3505.9,0.00021358,7.3465e-05
0.495,6064.9,-1128,1296.3,2126.9,2260.2,1074.8,1538.9,1035.5,-252.2,318,-1137.7,-897.78,-1279.9,34.545,-3450.6,0.00021321,7.3338e-05
0.496,6147.6,-1202.4,1290.3,2140.6,2240.5,1062.3,1506.9,1042,-280.42,319.52,-1146.6,-873.4,-1293.7,7.6201,-3377.4,0.00021243,7.3028e-05
0.497,6203.3,-1254.5,1285.4,2148.4,2225.7,1051.5,1481.2,1045.3,-300.63,318.09,-1153,-851.7,-1303.8,-11.886,-3320.2,0.0002119,7.283e-05
0.498,6286.4,-1333.5,1279.5,2167,2203.4,1037.2,1454.1,1051.3,-330.35,321.77,-1158.7,-831.1,-1316.7,-29.641,-3257.4,0.00021117,7.255e-05
0.499,6301.5,-1349.9,1278.1,2162.6,2195.1,1033.3,1434,1049,-337.09,316.27,-1164.6,-812.68,-1319.5,-46.785,-3216.4,0.00021099,7.2504e-05
0.5,6393.1,-1438.4,1272.4,2185.1,2170.9,1014.7,1408.8,1056.4,-371.79,322.66,-1168.1,-795,-1332.6,-56.642,-3158.6,0.00021019,7.2206e-05
0.501,6471.8,-1517.2,1270,2202.8,2146.2,1000.6,1388.9,1057,-401.14,331.32,-1172.1,-780.52,-1342.8,-63.218,-3108.5,0.00020953,7.1962e-05
0.502,6596,-1641.7,1267.3,2239.1,2109.2,973.54,1371.5,1061.4,-449.4,348.35,-1170.8,-771.02,-1358.6,-55.301,-3056.8,0.0002085,7.1571e-05
0.503,6680.9,-1725.8,1269.3,2251.7,2083.9,961.47,1348.7,1059.3,-478.74,358.16,-1175.8,-755.88,-1368.2,-54.883,-3011.4,0.00020776,7.13e-05
0.504,6073.6,-1147.7,1288.2,2035.5,2197.8,1079,1382.2,983.21,-282.25,280.23,-1180.9,-779.88,-1282.4,-92.952,-3131.1,0.00021265,7.3377e-05
0.505,6188.4,-1250.6,1280.5,2058.9,2171.4,1059.8,1350.6,987.43,-320.48,289.21,-1189.1,-759.7,-1297.3,-106.45,-3060,0.00021156,7.2941e-05
0.506,6392.5,-1436.5,1275.8,2104.4,2124.3,1027.7,1309.6,991.08,-377.75,316.28,-1208.6,-740.02,-1313,-101.93,-2981.2,0.0002097,7.2195e-05
0.507,6524.3,-1553.2,1274.6,2123,2091.7,1009.1,1279.4,985.12,-419.96,336.39,-1219,-726.69,-1321.8,-93.017,-2927.1,0.00020842,7.1704e-05
0.508,6638.6,-1656.9,1272.3,2143.1,2065.5,983.42,1249.3,988,-458.08,340.66,-1221.3,-702.66,-1336.8,-75.322,-2887.1,0.00020732,7.1292e-05
0.509,6036.6,-1091.7,1286.3,1950.8,2169.8,1081.3,1306.8,921.68,-286.09,267.68,-1205.1,-747.02,-1255.4,-103.79,-3009.1,0.00021233,7.3412e-05
0.51,6108.3,-1143.3,1277.9,1951.8,2158.4,1069.1,1271.7,921.31,-309.98,264.85,-1214.2,-723.6,-1264.4,-115.68,-2949.3,0.00021146,7.3071e-05
0.511,6183,-1198.1,1268.9,1955.2,2144.9,1054.9,1239.7,918.67,-334.26,264.4,-1222.9,-702.96,-1272.3,-121.79,-2894.5,0.00021056,7.273e-05
0.512,6241.7,-1240.3,1261.9,1952.9,2135,1042,1209.6,916.34,-353.89,263.72,-1230,-685.66,-1276.3,-121.29,-2852.8,0.00020984,7.2469e-05
0.513,6288.8,-1273.3,1252.1,1951.1,2127.1,1030.6,1182.1,915.56,-369.2,260.07,-1236,-667.29,-1281.2,-129.46,-2807.8,0.00020925,7.2265e-05
0.514,6291.4,-1272.3,1244.1,1942.5,2124.6,1025.3,1163.5,915.34,-372.08,251.53,-1237.7,-655.63,-1280.8,-140.19,-2776.1,0.00020915,7.226e-05
0.515,6327.1,-1301.1,1233.2,1944.4,2116.4,1014.2,1140.5,918.92,-384.18,247.19,-1239.2,-645.37,-1283.1,-148,-2737.3,0.00020875,7.2139e-05
0.516,6412.5,-1377.8,1223.5,1959.6,2100.7,991.21,1112.1,925.15,-407.6,250.38,-1246.1,-628.67,-1290.9,-141.93,-2698.4,0.00020794,7.1858e-05
0.517,6323.3,-1287.4,1219.3,1921.4,2109.6,1005.3,1104.5,905.61,-382.14,241.35,-1248.8,-634.84,-1268.4,-148.68,-2696.2,0.00020858,7.2159e-05
0.518,6814,-1807.9,1257.4,2059.5,1988.2,929.49,1053.5,943.71,-528.15,318.04,-1271.4,-571.94,-1334.2,-110.23,-2595.7,0.00020483,7.065e-05
0.519,6507.6,-1535,1221.4,2008.3,2035.7,982.56,1069.2,978.14,-456.59,240.63,-1251.8,-548.99,-1328,-281.86,-2516.8,0.00020778,7.1819e-05
0.52,6483.6,-1513,1212.2,1996.3,2041.2,976.82,1054,983.06,-450.18,223.22,-1251.6,-535.28,-1328.1,-303.48,-2484,0.00020796,7.1921e-05
0.521,6465.6,-1493.9,1213,1975.6,2038.4,981.11,1038.1,973.76,-445.68,215.98,-1257.1,-525.98,-1322.3,-315.9,-2455.7,0.000208,7.1964e-05
0.522,6448.8,-1474.9,1208.1,1959.3,2039.1,977.32,1025.1,968.34,-444.65,209.79,-1262.3,-512.7,-1320.9,-323.35,-2431.6,0.00020804,7.2018e-05
0.523,6464.1,-1486.1,1205.7,1949.4,2033.2,966.56,1008.5,968.57,-458.32,211.99,-1266.4,-498.67,-1321.1,-329.62,-2402,0.0002078,7.1957e-05
0.524,6522.1,-1516.6,1208.3,1911.4,2053.6,957.36,949.98,965.17,-472.31,215.07,-1295.4,-457.54,-1318.9,-342.28,-2353.8,0.00020687,7.1605e-05
0.525,6504.5,-1496.9,1211.3,1887.4,2054.1,964.55,929.92,952.57,-473.03,211.53,-1300.9,-443.31,-1314.4,-356.61,-2324.1,0.00020685,7.163e-05
0.526,6717.1,-1677.8,1221,1922.5,2020.7,883.18,913.33,913.07,-537.5,257.46,-1303.7,-455.1,-1319.8,-172.68,-2394.7,0.00020448,7.0875e-05
0.527,6749.4,-1715,1211.1,1946.1,2002.2,859.07,903.93,921.13,-548.52,239.77,-1290.2,-446.95,-1331.7,-162.49,-2370.3,0.00020418,7.0798e-05
0.528,6471.5,-1449,1211.9,1864,2035.8,920.67,919.59,892.46,-489.91,211.3,-1288.6,-487.16,-1297.3,-211.07,-2356.3,0.00020638,7.1658e-05
0.529,6337.6,-1318,1210.9,1817,2046.6,948.1,922.35,860.88,-460.7,201.96,-1282.6,-504.37,-1270.7,-220.92,-2359.9,0.0002074,7.2118e-05
0.53,6845.8,-1847.3,1252.4,1924.8,1937.8,879.74,856.72,888.98,-599.76,287.51,-1305.2,-437.67,-1325.5,-152.4,-2297.1,0.0002034,7.0521e-05
0.531,6781,-1778.3,1249.1,1892.1,1940.4,894.07,848.61,874.43,-585.25,271.22,-1307.6,-426.35,-1316.2,-182.14,-2265.7,0.00020378,7.0694e-05
0.532,6789,-1847.4,1233.1,1944.5,1930.1,900.51,827.71,946.46,-586.65,229.36,-1302.1,-385.69,-1345.6,-337.27,-2126.2,0.00020448,7.0907e-05
0.533,6717.9,-1772.9,1224.2,1915.3,1941.1,908.82,814.62,938.74,-568.59,209.21,-1302.6,-375.32,-1335,-365.4,-2099.7,0.00020495,7.1124e-05
0.534,6070.8,-1127.9,1188.1,1780.3,2045.2,948.78,911.14,858.5,-398.68,132.73,-1275.5,-467.62,-1235.1,-297.18,-2302.8,0.00021019,7.3706e-05
0.535,6929.7,-2005.3,1247,1950.9,1873.8,876.38,778.4,942.88,-636.29,247.02,-1316,-345.98,-1354.4,-333.09,-2043.3,0.0002032,7.0507e-05
0.536,6480.2,-1540.8,1230,1824.7,1952.8,935.28,798.39,895.33,-517.81,164.57,-1316.5,-342.82,-1304.6,-425.53,-2041,0.00020651,7.1853e-05
0.537,6777.5,-1833.7,1241.4,1889,1884.6,880.65,757.98,905.85,-594.8,206.55,-1326.6,-314.77,-1328.5,-348.87,-2023.3,0.0002039,7.0883e-05
0.538,6250.6,-1304.8,1201.1,1779.6,1957.8,944.05,811.36,860.16,-457,113.85,-1304.4,-349.47,-1255.1,-427.45,-2066.9,0.00020823,7.2729e-05
0.539,6100.9,-1174.7,1198.7,1741,1973,968.99,814.73,849.5,-419.26,91.648,-1296.9,-356.75,-1232.7,-460.39,-2063.8,0.00020968,7.3361e-05
0.54,6559.7,-1620.8,1218.2,1817,1903,912.98,734.25,879.97,-550.44,160.75,-1321.1,-308.67,-1297,-431.78,-1941.2,0.00020552,7.1604e-05
0.541,6919.4,-1978.9,1245.2,1896.2,1827.8,832.2,697.99,868.74,-655.92,245.2,-1325.2,-316.73,-1316.6,-235.65,-2008.3,0.00020223,7.0529e-05
0.542,6164,-1279.2,1207.2,1736.1,1933.4,970.62,801.28,829.73,-467.7,123.55,-1290.9,-356.03,-1247.7,-465.63,-1982.6,0.00020947,7.3387e-05
0.543,6126.7,-1199.7,1223.8,1703,1926.1,936.68,796.66,750.02,-459.64,139.23,-1292.6,-379.06,-1195,-309.79,-2109.6,0.00020878,7.3471e-05
0.544,6097.9,-1140.1,1190.9,1679.4,1932,936.51,778.48,738.52,-445.83,126.15,-1292.5,-379.22,-1172,-320.22,-2092.4,0.00020877,7.3521e-05
0.545,6571.5,-1569.5,1221.9,1728,1849.5,867.98,683.63,791.15,-574.93,158.78,-1331.5,-281.12,-1243.3,-318.71,-1934.8,0.00020398,7.1335e-05
0.546,7011.4,-2152.3,1307.5,1832.5,1779.2,852.57,631.77,870.5,-701.99,248.51,-1351.9,-220.68,-1355.5,-358.02,-1794.1,0.00020182,7.0368e-05
0.547,6524.4,-1540.3,1216.5,1719.4,1844.8,867.36,658.34,793.05,-584.53,144.9,-1332.2,-261.26,-1238.9,-358.88,-1872.5,0.00020432,7.1512e-05
0.548,6876.7,-2000.9,1264.4,1795.3,1793.9,877.48,598.52,859.55,-676.08,222.62,-1346.8,-223.34,-1325.5,-428.64,-1726.2,0.00020271,7.0761e-05
0.549,6995.3,-2102.3,1277.3,1815.2,1758.7,808.77,586.24,850.16,-704.04,226.93,-1353.6,-195.95,-1323.4,-311.16,-1786.3,0.00020123,7.032e-05
0.55,6895.9,-1998.4,1249.8,1763.7,1787,868.84,557.93,845.77,-685.96,228.07,-1357.8,-209.37,-1305.7,-427.53,-1689.3,0.00020216,7.0633e-05
0.551,6124.1,-1170.6,1180.6,1626.3,1877.3,899.38,683.74,706.08,-488.87,107.58,-1299.1,-314.52,-1157.4,-344.76,-1926.2,0.00020793,7.3387e-05
0.552,6106.8,-1150.9,1178.2,1613.5,1868.2,901.73,674.59,694.08,-490.86,104.54,-1300.6,-309.21,-1151,-351.23,-1903.3,0.00020794,7.3424e-05
0.553,6104.1,-1144.1,1171.6,1606.9,1861.3,897.04,660.94,690.07,-499.67,102.46,-1298.4,-307.86,-1143.8,-355.42,-1879.7,0.00020781,7.3413e-05
0.554,6096.8,-1137.6,1174.4,1590.6,1858.1,893.54,649.37,682.67,-505.06,100.33,-1298.1,-302.13,-1143.9,-352.23,-1860.3,0.00020775,7.3422e-05
0.555,6092.1,-1129.2,1168,1583.4,1849.8,890.94,637.79,673.68,-508.31,95.281,-1294,-300.79,-1139.5,-354.19,-1837.6,0.00020766,7.3415e-05
0.556,6090.5,-1126.7,1166.3,1572.9,1844,887.32,625.07,666.55,-514.24,96.028,-1298.6,-292.33,-1136.6,-357.42,-1814.3,0.00020755,7.3402e-05
0.557,6092.7,-1129,1165.8,1564,1836.6,882.63,612.71,660.14,-521.5,95.054,-1298.1,-288.52,-1132.2,-359.88,-1790.9,0.00020741,7.3375e-05
0.558,6098.7,-1134.6,1164.4,1556.2,1828.4,879.42,596.8,656.39,-529.44,93.833,-1298.4,-282.14,-1129.9,-362.73,-1766.3,0.00020724,7.3337e-05
0.559,6111.1,-1146.6,1163.6,1548.6,1820.4,874.74,581.96,649.8,-535.77,93.286,-1301.7,-272.66,-1128,-367.53,-1739.7,0.00020701,7.3275e-05
0.56,6116.5,-1152.2,1161.2,1542.4,1813.7,867.76,568.57,647.46,-542.47,88.22,-1300.6,-263.17,-1128.7,-371.84,-1714.1,0.00020685,7.3246e-05
0.561,7022.5,-2136.7,1266.2,1701.5,1676.9,743.02,445.53,743.82,-763.35,244.49,-1363.3,-142.28,-1263.3,-223.5,-1637.4,0.00019965,7.0259e-05
0.562,7015.1,-2130.4,1256.9,1700.1,1670.5,734.6,439.3,737.79,-761.99,234.74,-1360.5,-132.74,-1262.3,-229.84,-1616.1,0.00019964,7.0296e-05
0.563,7018.2,-2138,1257.2,1690.7,1665.6,730.24,424.95,736.69,-765.28,229.11,-1358.5,-125.2,-1259.4,-235.58,-1594.2,0.00019955,7.0298e-05
0.564,6997.8,-2119.8,1251,1684.9,1658.1,727.15,419.65,729.38,-761.65,216.94,-1352.6,-119.7,-1256,-243.41,-1574.2,0.00019965,7.0381e-05
0.565,7012.1,-2141.1,1254.2,1676.8,1652.9,719,404.36,736.2,-779.36,223.42,-1357.1,-104.56,-1262.7,-241.8,-1553.6,0.00019948,7.0352e-05
0.566,7005.9,-2141.1,1252.3,1673.8,1643.1,715.06,395.29,733.89,-781.94,218.05,-1355.8,-99.037,-1254.9,-253.17,-1531.4,0.00019949,7.0396e-05
0.567,7019.9,-2162.8,1253.6,1670.2,1636.3,703.11,386.78,735.42,-793.71,217.68,-1354.2,-88.281,-1258.3,-254.1,-1510.4,0.00019934,7.0375e-05
0.568,7009.2,-2153.6,1243.1,1672.8,1624.4,698.1,383.38,724.08,-785.75,203.36,-1349.5,-77.939,-1260.5,-257.12,-1491.5,0.00019936,7.0428e-05
0.569,7024.9,-2180.9,1252.7,1661.7,1620.1,689.15,370.21,729.24,-801.16,206.08,-1348.3,-67.483,-1264.9,-255.67,-1472,0.00019921,7.0404e-05
0.57,7050.8,-2216,1255.2,1662.3,1609.2,678.3,358.14,729.39,-808.41,204.64,-1350.7,-53.013,-1267.2,-256.47,-1451.1,0.00019896,7.0344e-05
0.571,7057.2,-2233.1,1257.3,1664.1,1595.7,670.9,347,739,-828.85,211.86,-1351.6,-48.785,-1259.4,-264.45,-1430.5,0.00019889,7.0355e-05
0.572,7007.2,-2173.3,1244.3,1640.1,1600.4,673.81,342.82,722.06,-814.2,195.4,-1344.4,-45.876,-1258.4,-267.74,-1414.5,0.00019915,7.0502e-05
0.573,6960.2,-2119.3,1237,1612,1608.1,677.36,331.31,714.38,-812.45,199.1,-1357.9,-34.188,-1254.6,-273.26,-1398.7,0.00019939,7.0647e-05
0.574,6948.7,-2105.4,1224.2,1609.3,1603.2,667.28,326.37,709.46,-809.92,184.53,-1342.4,-42.534,-1241.7,-281.11,-1379.5,0.0001994,7.069e-05
0.575,6942.4,-2106.3,1228.4,1597.9,1596.7,662.96,318.92,706.3,-816.87,186.18,-1345.1,-30.683,-1248.6,-275.74,-1364.6,0.0001994,7.0735e-05
0.576,6918.5,-2080.7,1218.4,1588.6,1595.2,656.15,316.63,695.68,-811.3,176.3,-1339,-31.792,-1240,-282.82,-1346.5,0.00019951,7.0821e-05
0.577,6893.9,-2059,1216.3,1572.6,1595.7,656.36,301.62,698.5,-814,172.92,-1340.8,-27.422,-1230.6,-295.3,-1326.2,0.00019965,7.092e-05
0.578,6554.1,-1651.2,1170.6,1445.1,1653.7,718.86,323.11,635.11,-754.92,145.66,-1317.7,-98.33,-1175,-333.91,-1319.2,0.00020192,7.1883e-05
0.579,6891.5,-2068.9,1219.6,1559.6,1580,648.71,276.27,689.34,-815.79,172.29,-1357.7,-2.9971,-1221.2,-300.12,-1292.9,0.00019953,7.0963e-05
0.58,6254.1,-1336.9,1159.9,1420.1,1643.7,727.13,335.85,620.6,-701.48,30.046,-1321.2,-42.865,-1132.5,-494.94,-1202.4,0.00020366,7.2415e-05
0.581,6731.8,-1883.4,1234,1410.5,1603.5,708.19,267.97,656.16,-788.61,166.25,-1376.5,4.8584,-1192,-401.26,-1200.8,0.00020057,7.1283e-05
0.582,6629,-1769.3,1188.5,1427.6,1626.8,684.04,280.7,626.12,-775.56,141.58,-1333.1,-36.113,-1186.9,-350.57,-1230.6,0.00020125,7.1773e-05
0.583,6801.2,-1984.9,1222,1465.5,1588,658.58,250.2,640.2,-810.48,170.41,-1357.7,6.8784,-1202.4,-332.26,-1211.5,0.00019997,7.1302e-05
0.584,6729.4,-1890.9,1230.3,1370.2,1598.1,696.8,241.15,631.28,-800.94,178.01,-1370.4,0.68741,-1182,-378.86,-1167.5,0.00020043,7.1365e-05
0.585,6884.2,-2086.6,1201.2,1515.4,1545.9,619.27,222.16,678.43,-849.18,159.88,-1338.9,28.628,-1209.2,-328.11,-1176,0.00019931,7.1113e-05
0.586,6851.9,-2052.5,1190,1505.5,1544.2,618.67,213.46,675.22,-848.15,155.37,-1343.9,42.158,-1211.7,-333.61,-1158.1,0.00019949,7.1234e-05
0.587,6605.7,-1764.5,1159.8,1417,1590.4,650.11,229.24,633.17,-804.79,133.06,-1333.6,-6.5218,-1162.7,-374.11,-1141.9,0.00020119,7.201e-05
0.588,6539.1,-1699.8,1190.5,1338.7,1573.5,697.4,228.65,627.55,-787.79,126.67,-1366.2,27.553,-1142.9,-499.4,-1041.7,0.00020175,7.1996e-05
0.589,6643.3,-1810.7,1202.7,1310.4,1579.7,697.51,203.47,596.09,-810.76,176.99,-1353.5,-7.5151,-1156.2,-394.43,-1083.4,0.00020085,7.1749e-05
0.59,6578.3,-1761.2,1173.4,1381,1568.1,653.86,211.53,597.55,-806.23,129.26,-1326.2,-0.81322,-1149.8,-388.31,-1085.1,0.0002013,7.2139e-05
0.591,7147.9,-2459.9,1307.3,1449.8,1475.8,608.4,135.64,647.82,-927.49,261.06,-1366.8,57.701,-1238.9,-225.6,-1115.7,0.00019728,7.0569e-05
0.592,6295.9,-1474.9,1188,1326,1545.4,723.22,223.67,547.79,-774.2,64.139,-1302.8,-44.81,-1121.7,-499.65,-957.32,0.000203,7.2373e-05
0.593,6232.9,-1421.5,1163.5,1355.7,1541.5,705.69,218.6,538.65,-752.47,32.538,-1295.1,-34.002,-1099.5,-482.29,-983.61,0.0002036,7.271e-05
0.594,6939.3,-2229.8,1258.3,1417.5,1472.6,609.13,130.26,616.93,-883.59,185.43,-1351.8,80.227,-1177.9,-312.77,-1051.3,0.00019862,7.1178e-05
0.595,6829.8,-2116.3,1221.9,1442.8,1459.7,617.23,128.62,622.33,-881.15,154.05,-1332.5,78.163,-1169.2,-363.98,-1007.2,0.00019945,7.1571e-05
0.596,6949.7,-2254.7,1258.2,1404.4,1458.8,601.61,104.05,623.71,-905.52,199.75,-1364.3,100.24,-1174.7,-317.31,-1017.9,0.00019848,7.121e-05
0.597,6866.2,-2157.1,1228.6,1410.3,1449.2,596.9,107.23,621.33,-896.87,168.2,-1351.4,107.42,-1163.5,-347.73,-990.96,0.00019897,7.1461e-05
0.598,6994.4,-2283.8,1245.1,1329,1486.5,610.88,75.048,592.63,-924.8,255.43,-1357.6,62.319,-1188.5,-268.26,-998.48,0.00019793,7.109e-05
0.599,6657.6,-1915.7,1154.8,1387,1476.8,601.59,113.23,597.28,-854.79,117.01,-1312.8,58.597,-1129.3,-397.82,-941.83,0.00020052,7.2277e-05
0.6,6412.4,-1598.5,1100.2,1261.6,1529.7,679.06,132.11,512.54,-818.65,125.8,-1270.3,-33.234,-1105.1,-407.82,-926.35,0.0002022,7.2882e-05
