0.301,8636.604,-7004.224,672.7872,1739.3625,-1127.6471,1735.9199,-94.96466,-2101.0525,-552.60004,1101.8553,-3577.6934,2237.676,-3899.401,696.3215,-2579.5627
0.302,8636.726,-7004.017,673.1468,1739.4227,-1128.184,1735.9452,-95.023834,-2101.143,-552.604,1101.8722,-3577.698,2237.7734,-3899.2915,696.1648,-2579.561
0.303,8636.848,-7003.81,673.5061,1739.4833,-1128.7206,1735.9705,-95.08291,-2101.2336,-552.6079,1101.889,-3577.703,2237.871,-3899.1821,696.009,-2579.5593
0.304,8636.97,-7003.6025,673.8654,1739.5436,-1129.257,1735.9956,-95.14218,-2101.324,-552.6119,1101.906,-3577.7075,2237.969,-3899.073,695.8526,-2579.5579
0.305,8637.092,-7003.3955,674.22516,1739.6039,-1129.7941,1736.0209,-95.201355,-2101.415,-552.61584,1101.9229,-3577.7122,2238.0667,-3898.9634,695.69653,-2579.5562
0.306,8637.214,-7003.1885,674.58466,1739.6643,-1130.3308,1736.0461,-95.26062,-2101.5056,-552.6198,1101.9398,-3577.7168,2238.164,-3898.8542,695.5402,-2579.5544
0.307,8637.336,-7002.9814,674.9441,1739.7246,-1130.8677,1736.0714,-95.319695,-2101.5964,-552.6238,1101.9567,-3577.7214,2238.262,-3898.7449,695.38403,-2579.5527
0.308,8637.458,-7002.7744,675.3033,1739.7849,-1131.4042,1736.0966,-95.37897,-2101.6868,-552.62775,1101.9735,-3577.7263,2238.3594,-3898.6355,695.2278,-2579.551
0.309,8637.58,-7002.567,675.66315,1739.8452,-1131.941,1736.122,-95.43824,-2101.7773,-552.6316,1101.9905,-3577.731,2238.457,-3898.5261,695.0712,-2579.5496
0.31,8637.702,-7002.3604,676.02277,1739.9056,-1132.4775,1736.1472,-95.49741,-2101.868,-552.63556,1102.0073,-3577.7358,2238.555,-3898.4167,694.91516,-2579.5479
0.311,8637.824,-7002.153,676.38196,1739.966,-1133.0143,1736.1724,-95.55659,-2101.9583,-552.63965,1102.0243,-3577.7407,2238.6526,-3898.3076,694.7589,-2579.5461
0.312,8637.946,-7001.946,676.7415,1740.0262,-1133.5508,1736.1976,-95.61586,-2102.0488,-552.64355,1102.0411,-3577.7454,2238.7502,-3898.1982,694.6027,-2579.5444
0.313,8638.068,-7001.739,677.10126,1740.0865,-1134.0875,1736.223,-95.675026,-2102.1396,-552.6476,1102.058,-3577.75,2238.8477,-3898.0889,694.4464,-2579.543
0.314,8638.19,-7001.5312,677.46045,1740.147,-1134.6243,1736.2482,-95.7342,-2102.2305,-552.6515,1102.075,-3577.7546,2238.9456,-3897.9795,694.29034,-2579.5413
0.315,8638.312,-7001.3247,677.8203,1740.2073,-1135.1609,1736.2734,-95.793274,-2102.3208,-552.6554,1102.0918,-3577.7595,2239.043,-3897.8704,694.13385,-2579.5396
0.316,8638.434,-7001.117,678.1796,1740.2676,-1135.6973,1736.2987,-95.852646,-2102.4114,-552.6594,1102.1088,-3577.7642,2239.1409,-3897.761,693.97766,-2579.5378
0.317,8638.556,-7000.9106,678.5391,1740.3279,-1136.2341,1736.324,-95.91182,-2102.5022,-552.66345,1102.1256,-3577.7688,2239.2383,-3897.6516,693.8217,-2579.5361
0.318,8638.678,-7000.703,678.89844,1740.3883,-1136.7708,1736.3492,-95.97109,-2102.5925,-552.66724,1102.1425,-3577.7734,2239.3362,-3897.5422,693.66534,-2579.5347
0.319,8638.801,-7000.496,679.2582,1740.4486,-1137.3081,1736.3745,-96.030365,-2102.6833,-552.67145,1102.1594,-3577.7783,2239.434,-3897.4329,693.5088,-2579.533
0.32,8638.922,-7000.289,679.6176,1740.5089,-1137.8446,1736.3997,-96.08953,-2102.774,-552.6752,1102.1763,-3577.7832,2239.5317,-3897.3237,693.3523,-2579.5312
0.321,8639.044,-7000.082,679.97723,1740.5693,-1138.3811,1736.425,-96.148705,-2102.8643,-552.6792,1102.1932,-3577.7878,2239.6294,-3897.2144,693.1962,-2579.5295
0.322,8639.166,-6999.875,680.33655,1740.6296,-1138.9176,1736.4502,-96.20788,-2102.9546,-552.6831,1102.2101,-3577.7922,2239.7266,-3897.105,693.04016,-2579.528
0.323,8639.288,-6999.6675,680.6956,1740.6901,-1139.4542,1736.4755,-96.26715,-2103.0457,-552.6871,1102.227,-3577.797,2239.8247,-3896.9958,692.884,-2579.5264
0.324,8639.41,-6999.4604,681.0555,1740.7502,-1139.991,1736.5007,-96.326324,-2103.1357,-552.6911,1102.2439,-3577.802,2239.9224,-3896.8862,692.7278,-2579.5247
0.325,8639.532,-6999.2534,681.4151,1740.8107,-1140.5278,1736.526,-96.38549,-2103.2266,-552.69507,1102.2607,-3577.8066,2240.0198,-3896.777,692.5713,-2579.523
0.326,8639.654,-6999.0464,681.77454,1740.8711,-1141.0642,1736.5513,-96.444565,-2103.317,-552.6991,1102.2777,-3577.8115,2240.1172,-3896.6677,692.415,-2579.5212
0.327,8639.776,-6998.8394,682.13385,1740.9313,-1141.6011,1736.5765,-96.50394,-2103.4072,-552.703,1102.2946,-3577.8162,2240.215,-3896.5583,692.2587,-2579.5198
0.328,8639.898,-6998.6323,682.49335,1740.9917,-1142.1376,1736.6017,-96.56311,-2103.4983,-552.707,1102.3115,-3577.8208,2240.313,-3896.4492,692.1032,-2579.518
0.329,8640.0205,-6998.425,682.85266,1741.0519,-1142.6742,1736.627,-96.622284,-2103.5894,-552.7109,1102.3284,-3577.8254,2240.4104,-3896.3396,691.94684,-2579.5164
0.33,8640.143,-6998.2183,683.2122,1741.1123,-1143.2108,1736.6522,-96.68156,-2103.6794,-552.71484,1102.3452,-3577.83,2240.508,-3896.2305,691.7903,-2579.5146
0.331,8640.265,-6998.0107,683.57196,1741.1727,-1143.7478,1736.6775,-96.74073,-2103.7705,-552.71875,1102.362,-3577.835,2240.606,-3896.1213,691.6342,-2579.5132
0.332,8640.387,-6997.8037,683.93134,1741.2329,-1144.2845,1736.7028,-96.7999,-2103.8608,-552.7228,1102.379,-3577.8396,2240.7034,-3896.0117,691.47784,-2579.5115
0.333,8640.509,-6997.5967,684.29065,1741.2933,-1144.8207,1736.728,-96.85917,-2103.9512,-552.72675,1102.3959,-3577.8442,2240.8013,-3895.9023,691.32166,-2579.5098
0.334,8640.631,-6997.3896,684.6501,1741.3536,-1145.3574,1736.7532,-96.91824,-2104.0415,-552.73065,1102.4128,-3577.849,2240.8987,-3895.7932,691.16547,-2579.508
0.335,8640.753,-6997.1826,685.0097,1741.414,-1145.8944,1736.7786,-96.977615,-2104.1326,-552.7346,1102.4297,-3577.8538,2240.9963,-3895.6838,691.0093,-2579.5063
0.336,8640.875,-6996.975,685.3688,1741.4742,-1146.4305,1736.8037,-97.03679,-2104.223,-552.7385,1102.4467,-3577.8584,2241.0942,-3895.5745,690.853,-2579.5046
0.337,8640.997,-6996.7686,685.72876,1741.5347,-1146.9677,1736.829,-97.095856,-2104.3137,-552.7426,1102.4635,-3577.8633,2241.1917,-3895.4653,690.6966,-2579.5032
0.338,8641.119,-6996.561,686.0881,1741.595,-1147.5042,1736.8542,-97.15513,-2104.4038,-552.7465,1102.4805,-3577.8682,2241.2896,-3895.356,690.5404,-2579.5015
0.339,8641.241,-6996.354,686.4474,1741.6553,-1148.0409,1736.8795,-97.2144,-2104.4946,-552.7505,1102.4973,-3577.8728,2241.387,-3895.2466,690.38416,-2579.4998
0.34,8641.363,-6996.147,686.8069,1741.7156,-1148.5775,1736.9048,-97.273575,-2104.585,-552.75446,1102.5142,-3577.8774,2241.4844,-3895.1372,690.22784,-2579.498
0.341,8641.485,-6995.94,687.1663,1741.7759,-1149.1138,1736.93,-97.33275,-2104.676,-552.7584,1102.531,-3577.8823,2241.5823,-3895.028,690.0718,-2579.4966
0.342,8641.607,-6995.733,687.52576,1741.8362,-1149.6508,1736.9552,-97.39202,-2104.7664,-552.7623,1102.548,-3577.887,2241.6797,-3894.9185,689.9156,-2579.4949
0.343,8641.7295,-6995.5254,687.88525,1741.8966,-1150.1874,1736.9806,-97.451294,-2104.857,-552.76624,1102.5648,-3577.8916,2241.7773,-3894.8093,689.7592,-2579.4932
0.344,8641.851,-6995.319,688.2447,1741.9568,-1150.7238,1737.0057,-97.51036,-2104.9475,-552.77026,1102.5818,-3577.8962,2241.8752,-3894.7,689.603,-2579.4915
0.345,8641.974,-6995.112,688.6042,1742.0173,-1151.2603,1737.031,-97.569534,-2105.0376,-552.7742,1102.5986,-3577.901,2241.9727,-3894.5908,689.44696,-2579.4897
0.346,8642.095,-6994.9043,688.9634,1742.0775,-1151.7969,1737.0563,-97.62871,-2105.1282,-552.7782,1102.6155,-3577.9058,2242.07,-3894.4814,689.2909,-2579.4883
0.347,8642.217,-6994.6973,689.32294,1742.1378,-1152.3331,1737.0815,-97.68798,-2105.219,-552.7821,1102.6324,-3577.9104,2242.168,-3894.372,689.1345,-2579.4866
0.348,8642.339,-6994.49,689.682,1742.1981,-1152.8699,1737.1067,-97.74725,-2105.3096,-552.7861,1102.6493,-3577.9153,2242.2656,-3894.2627,688.97784,-2579.4849
0.349,8642.461,-6994.2837,690.0416,1742.2584,-1153.4067,1737.132,-97.80633,-2105.4006,-552.79,1102.6661,-3577.92,2242.3633,-3894.1536,688.822,-2579.4832
0.35,8642.583,-6994.0757,690.4012,1742.3187,-1153.9435,1737.1572,-97.8656,-2105.4907,-552.794,1102.6831,-3577.9246,2242.4607,-3894.0442,688.66595,-2579.4814
0.351,8642.705,-6993.869,690.76105,1742.379,-1154.4799,1737.1825,-97.924866,-2105.5813,-552.7979,1102.7,-3577.9294,2242.5583,-3893.9348,688.5096,-2579.48
0.352,8642.827,-6993.662,691.12,1742.4395,-1155.0164,1737.2078,-97.98394,-2105.6716,-552.80194,1102.7169,-3577.934,2242.6562,-3893.8257,688.3535,-2579.4783
0.353,8642.949,-6993.455,691.4793,1742.4998,-1155.5529,1737.233,-98.04321,-2105.7627,-552.8057,1102.7338,-3577.939,2242.754,-3893.7163,688.1971,-2579.4766
0.354,8643.071,-6993.2476,691.8389,1742.56,-1156.0895,1737.2583,-98.10239,-2105.8528,-552.80975,1102.7506,-3577.9436,2242.8516,-3893.607,688.04083,-2579.4749
0.355,8643.193,-6993.0405,692.1985,1742.6202,-1156.626,1737.2834,-98.16156,-2105.9434,-552.8138,1102.7675,-3577.9482,2242.949,-3893.4978,687.88464,-2579.4731
0.356,8643.315,-6992.8335,692.5577,1742.6807,-1157.1626,1737.3087,-98.220726,-2106.034,-552.8176,1102.7844,-3577.953,2243.0464,-3893.3884,687.72845,-2579.4717
0.357,8643.4375,-6992.6265,692.91705,1742.741,-1157.6987,1737.334,-98.2799,-2106.1243,-552.82166,1102.8013,-3577.9578,2243.1438,-3893.279,687.5724,-2579.47
0.358,8643.56,-6992.42,693.2769,1742.8013,-1158.2357,1737.3593,-98.33917,-2106.2148,-552.8256,1102.8182,-3577.9624,2243.2417,-3893.1697,687.4159,-2579.4683
0.359,8643.682,-6992.212,693.6362,1742.8616,-1158.7725,1737.3845,-98.398445,-2106.3057,-552.8296,1102.8351,-3577.967,2243.3394,-3893.0605,687.2596,-2579.4666
0.36,8643.804,-6992.0054,693.9953,1742.922,-1159.3091,1737.4098,-98.45762,-2106.3965,-552.8335,1102.852,-3577.9717,2243.4373,-3892.9512,687.1035,-2579.465
0.361,8643.926,-6991.798,694.355,1742.9822,-1159.8453,1737.4349,-98.51679,-2106.487,-552.8374,1102.8689,-3577.9766,2243.5347,-3892.8418,686.94745,-2579.4634
0.362,8644.048,-6991.591,694.7146,1743.0426,-1160.3824,1737.4602,-98.576164,-2106.5771,-552.8415,1102.8857,-3577.9814,2243.6326,-3892.7327,686.7911,-2579.4617
0.363,8644.169,-6991.384,695.07367,1743.1029,-1160.9181,1737.4855,-98.63513,-2106.6677,-552.8453,1102.9026,-3577.9858,2243.7297,-3892.6233,686.635,-2579.46
0.364,8644.291,-6991.177,695.433,1743.1631,-1161.4547,1737.5107,-98.694405,-2106.758,-552.84937,1102.9196,-3577.9905,2243.8274,-3892.514,686.4788,-2579.4583
0.365,8644.413,-6990.9697,695.7927,1743.2234,-1161.9918,1737.536,-98.75368,-2106.8489,-552.8532,1102.9364,-3577.9954,2243.9248,-3892.4045,686.32263,-2579.4568
0.366,8644.535,-6990.7627,696.1518,1743.2837,-1162.5278,1737.5613,-98.81285,-2106.9392,-552.8572,1102.9532,-3578.0,2244.0227,-3892.2954,686.1664,-2579.455
0.367,8644.657,-6990.556,696.5112,1743.344,-1163.0643,1737.5865,-98.87212,-2107.0303,-552.86115,1102.9702,-3578.0046,2244.1204,-3892.186,686.00995,-2579.4534
0.368,8644.779,-6990.3486,696.87054,1743.4044,-1163.601,1737.6117,-98.9312,-2107.1204,-552.8651,1102.987,-3578.0098,2244.2183,-3892.0767,685.854,-2579.4517
0.369,8644.901,-6990.1416,697.22974,1743.4646,-1164.1375,1737.637,-98.990364,-2107.2107,-552.869,1103.004,-3578.0142,2244.3154,-3891.9673,685.69794,-2579.45
0.37,8645.023,-6989.9346,697.5896,1743.525,-1164.6741,1737.6622,-99.04964,-2107.3015,-552.87305,1103.0209,-3578.019,2244.413,-3891.8582,685.5413,-2579.4485
0.371,8645.1455,-6989.727,697.9488,1743.5853,-1165.2108,1737.6875,-99.10871,-2107.3918,-552.87695,1103.0377,-3578.0237,2244.5105,-3891.7488,685.38525,-2579.4468
0.372,8645.268,-6989.5195,698.3084,1743.6456,-1165.7473,1737.7128,-99.16818,-2107.4827,-552.881,1103.0546,-3578.0283,2244.6084,-3891.6394,685.22876,-2579.445
0.373,8645.39,-6989.3125,698.6677,1743.7059,-1166.2838,1737.7379,-99.22726,-2107.573,-552.885,1103.0715,-3578.0332,2244.7058,-3891.5303,685.0727,-2579.4434
0.374,8645.512,-6989.1064,699.02704,1743.7661,-1166.8198,1737.7632,-99.28643,-2107.6636,-552.88885,1103.0884,-3578.0378,2244.8035,-3891.421,684.91675,-2579.442
0.375,8645.634,-6988.899,699.38635,1743.8264,-1167.3564,1737.7885,-99.3456,-2107.7542,-552.8928,1103.1052,-3578.0425,2244.9014,-3891.3115,684.76056,-2579.4402
0.376,8645.756,-6988.692,699.7457,1743.8867,-1167.8932,1737.8137,-99.40487,-2107.8445,-552.8967,1103.1222,-3578.0474,2244.9985,-3891.2024,684.6041,-2579.4385
0.377,8645.878,-6988.4844,700.10504,1743.947,-1168.4294,1737.8389,-99.46394,-2107.935,-552.9007,1103.139,-3578.052,2245.0962,-3891.093,684.4482,-2579.4368
0.378,8645.999,-6988.278,700.4646,1744.0073,-1168.9663,1737.8641,-99.52322,-2108.0256,-552.90454,1103.1559,-3578.0566,2245.1936,-3890.984,684.29193,-2579.435
0.379,8646.122,-6988.071,700.8238,1744.0677,-1169.5032,1737.8894,-99.58249,-2108.1162,-552.90857,1103.1729,-3578.0613,2245.2913,-3890.8745,684.13574,-2579.4333
0.38,8646.243,-6987.8633,701.1834,1744.1279,-1170.0392,1737.9147,-99.64166,-2108.2068,-552.91254,1103.1897,-3578.0662,2245.389,-3890.7654,683.97955,-2579.432
0.381,8646.365,-6987.6567,701.5423,1744.1884,-1170.5753,1737.94,-99.700836,-2108.297,-552.91644,1103.2065,-3578.0708,2245.4863,-3890.656,683.8235,-2579.4302
0.382,8646.487,-6987.449,701.9019,1744.2485,-1171.1122,1737.9652,-99.76,-2108.3875,-552.9204,1103.2235,-3578.0757,2245.5845,-3890.5469,683.667,-2579.4285
0.383,8646.609,-6987.2427,702.2612,1744.309,-1171.6481,1737.9905,-99.819176,-2108.478,-552.92426,1103.2404,-3578.0803,2245.682,-3890.4373,683.51105,-2579.4268
0.384,8646.731,-6987.035,702.62054,1744.3691,-1172.1846,1738.0156,-99.87845,-2108.5686,-552.92834,1103.2572,-3578.0847,2245.7793,-3890.328,683.35474,-2579.425
0.385,8646.854,-6986.8286,702.9803,1744.4294,-1172.7213,1738.0409,-99.93772,-2108.6592,-552.93225,1103.2742,-3578.0896,2245.8767,-3890.2188,683.19867,-2579.4236
0.386,8646.976,-6986.621,703.33966,1744.4897,-1173.258,1738.0662,-99.996796,-2108.7495,-552.93616,1103.291,-3578.0942,2245.974,-3890.1096,683.0423,-2579.4219
0.387,8647.098,-6986.414,703.69855,1744.55,-1173.7942,1738.0914,-100.05607,-2108.84,-552.9401,1103.3079,-3578.099,2246.072,-3890.0,682.8862,-2579.4202
0.388,8647.22,-6986.207,704.0583,1744.6104,-1174.331,1738.1167,-100.11534,-2108.9304,-552.94403,1103.3247,-3578.1038,2246.1694,-3889.8909,682.7298,-2579.4185
0.389,8647.342,-6985.9995,704.4175,1744.6708,-1174.8672,1738.142,-100.17441,-2109.0212,-552.948,1103.3417,-3578.1086,2246.2673,-3889.7817,682.5737,-2579.417
0.39,8647.464,-6985.7925,704.7768,1744.7308,-1175.4038,1738.1671,-100.23378,-2109.1113,-552.952,1103.3585,-3578.1133,2246.365,-3889.6724,682.41736,-2579.4153
0.391,8647.585,-6985.5854,705.136,1744.7911,-1175.9398,1738.1924,-100.292854,-2109.2021,-552.9559,1103.3754,-3578.1177,2246.4624,-3889.563,682.2614,-2579.4136
0.392,8647.707,-6985.3784,705.4954,1744.8516,-1176.4767,1738.2177,-100.35203,-2109.2927,-552.9599,1103.3923,-3578.1228,2246.5598,-3889.4536,682.10547,-2579.4119
0.393,8647.829,-6985.172,705.8549,1744.9117,-1177.0127,1738.2429,-100.4113,-2109.383,-552.96375,1103.4092,-3578.1272,2246.6575,-3889.3445,681.9486,-2579.4102
0.394,8647.951,-6984.965,706.21436,1744.9722,-1177.5493,1738.2682,-100.47037,-2109.4736,-552.9677,1103.426,-3578.132,2246.755,-3889.235,681.79266,-2579.4087
0.395,8648.073,-6984.758,706.5734,1745.0323,-1178.0858,1738.2933,-100.52964,-2109.5642,-552.97174,1103.4429,-3578.1367,2246.8525,-3889.1257,681.6366,-2579.407
0.396,8648.195,-6984.551,706.93286,1745.0927,-1178.6223,1738.3186,-100.58881,-2109.6545,-552.9756,1103.4598,-3578.1416,2246.9502,-3889.0166,681.4803,-2579.4053
0.397,8648.317,-6984.3433,707.29224,1745.153,-1179.1589,1738.3439,-100.64799,-2109.7449,-552.9796,1103.4767,-3578.1462,2247.0476,-3888.9072,681.3242,-2579.4036
0.398,8648.439,-6984.136,707.65125,1745.2131,-1179.6947,1738.369,-100.70726,-2109.8354,-552.9836,1103.4937,-3578.151,2247.145,-3888.7979,681.1683,-2579.4019
0.399,8648.562,-6983.9297,708.011,1745.2736,-1180.2316,1738.3944,-100.76643,-2109.926,-552.9874,1103.5105,-3578.1555,2247.243,-3888.6887,681.0119,-2579.4004
0.4,8648.684,-6983.7217,708.3702,1745.3337,-1180.7678,1738.4196,-100.8256,-2110.0166,-552.9914,1103.5273,-3578.1602,2247.3403,-3888.5793,680.85583,-2579.3987
0.401,8648.806,-6983.515,708.7294,1745.394,-1181.3042,1738.4448,-100.88487,-2110.107,-552.9953,1103.5442,-3578.165,2247.4375,-3888.4702,680.6995,-2579.397
0.402,8648.928,-6983.3076,709.0888,1745.4543,-1181.8408,1738.4701,-100.944046,-2110.1975,-552.99927,1103.5612,-3578.1697,2247.5354,-3888.3608,680.54315,-2579.3953
0.403,8649.049,-6983.101,709.4483,1745.5146,-1182.377,1738.4954,-101.00322,-2110.288,-553.00323,1103.578,-3578.1743,2247.633,-3888.2515,680.3871,-2579.3936
0.404,8649.171,-6982.8936,709.80774,1745.575,-1182.9135,1738.5206,-101.06259,-2110.3784,-553.00714,1103.5948,-3578.1792,2247.7307,-3888.1423,680.23065,-2579.392
0.405,8649.293,-6982.687,710.1667,1745.6353,-1183.4498,1738.5458,-101.12146,-2110.469,-553.01117,1103.6117,-3578.1838,2247.8281,-3888.0332,680.0747,-2579.3904
0.406,8649.415,-6982.48,710.5261,1745.6954,-1183.9865,1738.5712,-101.18083,-2110.5596,-553.015,1103.6287,-3578.1885,2247.9255,-3887.9238,679.91876,-2579.3887
0.407,8649.537,-6982.273,710.88544,1745.7556,-1184.5223,1738.5963,-101.240105,-2110.6497,-553.019,1103.6455,-3578.1934,2248.0232,-3887.8147,679.7624,-2579.387
0.408,8649.659,-6982.066,711.2445,1745.816,-1185.059,1738.6216,-101.29908,-2110.7407,-553.02295,1103.6624,-3578.1978,2248.1206,-3887.7053,679.60645,-2579.3853
0.409,8649.781,-6981.8584,711.6041,1745.8762,-1185.5955,1738.6467,-101.35845,-2110.8308,-553.02686,1103.6793,-3578.2026,2248.2183,-3887.5962,679.45013,-2579.3838
0.41,8649.903,-6981.652,711.96313,1745.9365,-1186.1312,1738.672,-101.41753,-2110.9214,-553.03076,1103.6962,-3578.2073,2248.3157,-3887.4868,679.2943,-2579.382
0.411,8650.025,-6981.4443,712.32275,1745.9968,-1186.6682,1738.6973,-101.4768,-2111.0117,-553.0347,1103.713,-3578.212,2248.413,-3887.3774,679.13776,-2579.3804
0.412,8650.146,-6981.238,712.68207,1746.0573,-1187.2045,1738.7225,-101.535866,-2111.102,-553.03864,1103.7299,-3578.2168,2248.5107,-3887.268,678.9815,-2579.3787
0.413,8650.27,-6981.031,713.0417,1746.1174,-1187.7407,1738.7478,-101.59514,-2111.1929,-553.0425,1103.7468,-3578.2214,2248.6084,-3887.159,678.8251,-2579.377
0.414,8650.391,-6980.823,713.40076,1746.1777,-1188.2772,1738.773,-101.65441,-2111.2832,-553.0465,1103.7637,-3578.226,2248.706,-3887.0496,678.6694,-2579.3752
0.415,8650.513,-6980.6157,713.7601,1746.2379,-1188.8136,1738.7982,-101.713684,-2111.3738,-553.0505,1103.7805,-3578.2307,2248.8032,-3886.9402,678.5132,-2579.3738
0.416,8650.635,-6980.409,714.1191,1746.2982,-1189.3499,1738.8235,-101.77276,-2111.4639,-553.0544,1103.7974,-3578.2354,2248.9006,-3886.831,678.357,-2579.372
0.417,8650.757,-6980.202,714.4787,1746.3584,-1189.886,1738.8488,-101.83203,-2111.5544,-553.05835,1103.8143,-3578.2402,2248.9985,-3886.722,678.2006,-2579.3704
0.418,8650.879,-6979.995,714.83765,1746.4187,-1190.4222,1738.874,-101.8911,-2111.6448,-553.0624,1103.8312,-3578.2449,2249.096,-3886.6125,678.0449,-2579.3687
0.419,8651.001,-6979.788,715.19696,1746.4789,-1190.9587,1738.8992,-101.95037,-2111.735,-553.0662,1103.848,-3578.2498,2249.1934,-3886.5034,677.8886,-2579.3672
0.42,8651.123,-6979.581,715.55615,1746.5392,-1191.4955,1738.9244,-102.00964,-2111.826,-553.07025,1103.865,-3578.2544,2249.291,-3886.3938,677.7322,-2579.3655
0.421,8651.245,-6979.374,715.9157,1746.5995,-1192.0312,1738.9497,-102.06882,-2111.916,-553.0741,1103.8817,-3578.2593,2249.3882,-3886.2847,677.5757,-2579.3638
0.422,8651.366,-6979.1675,716.2748,1746.6599,-1192.5676,1738.975,-102.12789,-2112.0066,-553.078,1103.8987,-3578.2637,2249.4858,-3886.1753,677.4202,-2579.362
0.423,8651.488,-6978.96,716.6341,1746.7201,-1193.104,1739.0001,-102.187164,-2112.0974,-553.08203,1103.9155,-3578.2683,2249.5837,-3886.0662,677.2639,-2579.3604
0.424,8651.61,-6978.7524,716.9934,1746.7804,-1193.6405,1739.0255,-102.24633,-2112.1877,-553.0859,1103.9324,-3578.2732,2249.6812,-3885.9568,677.1077,-2579.3586
0.425,8651.732,-6978.546,717.35236,1746.8406,-1194.1763,1739.0507,-102.3056,-2112.2783,-553.08984,1103.9492,-3578.2778,2249.7786,-3885.8477,676.95166,-2579.3572
0.426,8651.8545,-6978.339,717.7118,1746.9009,-1194.7129,1739.0759,-102.36468,-2112.3684,-553.0938,1103.9662,-3578.2827,2249.876,-3885.7383,676.7956,-2579.3555
0.427,8651.977,-6978.132,718.071,1746.9612,-1195.2484,1739.1012,-102.42385,-2112.459,-553.0977,1103.983,-3578.2874,2249.9734,-3885.6292,676.63965,-2579.3538
0.428,8652.099,-6977.925,718.4305,1747.0214,-1195.7856,1739.1263,-102.48312,-2112.5493,-553.10175,1103.9999,-3578.2922,2250.071,-3885.5198,676.48315,-2579.352
0.429,8652.221,-6977.718,718.7897,1747.0817,-1196.3219,1739.1516,-102.5423,-2112.6401,-553.10565,1104.0168,-3578.2966,2250.1687,-3885.4106,676.32697,-2579.3503
0.43,8652.342,-6977.5107,719.14935,1747.142,-1196.8585,1739.1769,-102.60146,-2112.7302,-553.10944,1104.0337,-3578.3015,2250.266,-3885.3013,676.1708,-2579.3489
0.431,8652.464,-6977.3037,719.5082,1747.2021,-1197.3945,1739.2021,-102.66064,-2112.8206,-553.1134,1104.0505,-3578.3062,2250.3633,-3885.1921,676.01465,-2579.3472
0.432,8652.586,-6977.0967,719.8675,1747.2625,-1197.9308,1739.2273,-102.71991,-2112.9111,-553.1175,1104.0674,-3578.3108,2250.461,-3885.0828,675.85846,-2579.3455
0.433,8652.708,-6976.889,720.22656,1747.3226,-1198.4673,1739.2526,-102.77908,-2113.0015,-553.1213,1104.0842,-3578.3157,2250.5586,-3884.9736,675.7023,-2579.3438
0.434,8652.83,-6976.6826,720.586,1747.383,-1199.0033,1739.2778,-102.83826,-2113.092,-553.12524,1104.1012,-3578.32,2250.656,-3884.8643,675.5462,-2579.342
0.435,8652.952,-6976.4756,720.94507,1747.4432,-1199.5394,1739.303,-102.89753,-2113.1824,-553.1292,1104.118,-3578.325,2250.7537,-3884.7551,675.39014,-2579.3406
0.436,8653.074,-6976.268,721.30426,1747.5034,-1200.0756,1739.3282,-102.956696,-2113.273,-553.1332,1104.1349,-3578.3298,2250.851,-3884.6458,675.2339,-2579.3389
0.437,8653.196,-6976.0615,721.6638,1747.5637,-1200.6123,1739.3535,-103.01587,-2113.3633,-553.1371,1104.1517,-3578.3342,2250.9485,-3884.5366,675.0777,-2579.3372
0.438,8653.317,-6975.8545,722.023,1747.6239,-1201.1478,1739.3788,-103.07504,-2113.4536,-553.1409,1104.1687,-3578.3389,2251.046,-3884.4272,674.9219,-2579.3354
0.439,8653.44,-6975.648,722.38196,1747.6843,-1201.6843,1739.404,-103.13422,-2113.544,-553.14496,1104.1855,-3578.3438,2251.1433,-3884.318,674.7658,-2579.3337
0.44,8653.562,-6975.4404,722.7414,1747.7444,-1202.2208,1739.4293,-103.19349,-2113.6345,-553.1488,1104.2024,-3578.3486,2251.241,-3884.2087,674.6096,-2579.332
0.441,8653.684,-6975.233,723.1009,1747.8048,-1202.7572,1739.4545,-103.25266,-2113.725,-553.15283,1104.2192,-3578.3535,2251.3384,-3884.0994,674.4531,-2579.3306
0.442,8653.806,-6975.026,723.4602,1747.865,-1203.2932,1739.4797,-103.31183,-2113.8154,-553.1567,1104.2362,-3578.358,2251.4358,-3883.9902,674.2972,-2579.3289
0.443,8653.928,-6974.8193,723.8191,1747.9252,-1203.8292,1739.505,-103.3711,-2113.9058,-553.1606,1104.253,-3578.3625,2251.5332,-3883.8809,674.141,-2579.3271
0.444,8654.05,-6974.6123,724.1783,1747.9856,-1204.3656,1739.5302,-103.430275,-2113.9963,-553.1646,1104.2699,-3578.3672,2251.631,-3883.7717,673.98505,-2579.3254
0.445,8654.171,-6974.405,724.5376,1748.0458,-1204.9019,1739.5555,-103.48935,-2114.087,-553.1686,1104.2867,-3578.372,2251.7283,-3883.6626,673.82886,-2579.324
0.446,8654.293,-6974.1978,724.89655,1748.1061,-1205.4379,1739.5807,-103.54862,-2114.177,-553.1724,1104.3036,-3578.3767,2251.826,-3883.5532,673.6729,-2579.3223
0.447,8654.415,-6973.991,725.256,1748.1664,-1205.9742,1739.606,-103.60779,-2114.2678,-553.17633,1104.3204,-3578.3813,2251.9236,-3883.444,673.5167,-2579.3206
0.448,8654.537,-6973.783,725.6153,1748.2264,-1206.5106,1739.6312,-103.66706,-2114.358,-553.18036,1104.3374,-3578.386,2252.0205,-3883.3347,673.3602,-2579.3188
0.449,8654.659,-6973.5767,725.97437,1748.2869,-1207.0469,1739.6564,-103.726135,-2114.4485,-553.1842,1104.3542,-3578.3909,2252.1182,-3883.2256,673.2043,-2579.3171
0.45,8654.781,-6973.37,726.33356,1748.347,-1207.5828,1739.6816,-103.78541,-2114.5386,-553.1882,1104.3711,-3578.3955,2252.2156,-3883.1162,673.0481,-2579.3157
0.451,8654.903,-6973.163,726.6929,1748.4072,-1208.1191,1739.7069,-103.84458,-2114.6292,-553.1921,1104.388,-3578.4001,2252.313,-3883.007,672.8919,-2579.314
0.452,8655.024,-6972.9556,727.05194,1748.4674,-1208.6552,1739.732,-103.903755,-2114.7195,-553.19604,1104.4048,-3578.4048,2252.411,-3882.8977,672.73566,-2579.3123
0.453,8655.146,-6972.749,727.41156,1748.5277,-1209.1918,1739.7573,-103.96303,-2114.81,-553.2,1104.4218,-3578.4094,2252.5083,-3882.7886,672.5797,-2579.3105
0.454,8655.269,-6972.5415,727.7703,1748.588,-1209.728,1739.7826,-104.022095,-2114.9004,-553.204,1104.4386,-3578.4143,2252.6057,-3882.6794,672.42365,-2579.3088
0.455,8655.391,-6972.335,728.12933,1748.6482,-1210.2637,1739.8079,-104.08137,-2114.9907,-553.20776,1104.4554,-3578.4192,2252.7031,-3882.57,672.2676,-2579.3071
0.456,8655.513,-6972.1274,728.48883,1748.7084,-1210.8003,1739.8331,-104.14054,-2115.0813,-553.21173,1104.4723,-3578.4238,2252.8003,-3882.4607,672.1115,-2579.3057
0.457,8655.635,-6971.921,728.848,1748.7687,-1211.336,1739.8583,-104.199715,-2115.1716,-553.21576,1104.4893,-3578.4285,2252.898,-3882.3516,671.9551,-2579.304
0.458,8655.757,-6971.7134,729.2072,1748.829,-1211.8727,1739.8835,-104.25889,-2115.262,-553.21954,1104.5061,-3578.4333,2252.9956,-3882.2422,671.7991,-2579.3022
0.459,8655.879,-6971.507,729.5664,1748.8892,-1212.4084,1739.9088,-104.31816,-2115.3523,-553.22345,1104.523,-3578.4377,2253.0928,-3882.1333,671.6433,-2579.3005
0.46,8656.0,-6971.2993,729.9256,1748.9493,-1212.9451,1739.934,-104.37733,-2115.4429,-553.2275,1104.5398,-3578.4424,2253.1902,-3882.0237,671.4868,-2579.2988
0.461,8656.122,-6971.093,730.2846,1749.0096,-1213.4806,1739.9592,-104.4365,-2115.5327,-553.2313,1104.5566,-3578.4473,2253.2878,-3881.9148,671.33075,-2579.2974
0.462,8656.244,-6970.886,730.644,1749.07,-1214.0167,1739.9845,-104.495674,-2115.6235,-553.23517,1104.5735,-3578.452,2253.385,-3881.8054,671.1749,-2579.2957
0.463,8656.366,-6970.678,731.0033,1749.13,-1214.5531,1740.0098,-104.55475,-2115.714,-553.2392,1104.5905,-3578.4565,2253.4827,-3881.6963,671.0186,-2579.294
0.464,8656.488,-6970.471,731.3622,1749.1903,-1215.0891,1740.0349,-104.61402,-2115.8042,-553.2431,1104.6073,-3578.4612,2253.5803,-3881.5867,670.86255,-2579.2922
0.465,8656.61,-6970.264,731.72125,1749.2505,-1215.6254,1740.0602,-104.67319,-2115.8948,-553.2471,1104.6241,-3578.466,2253.6772,-3881.4778,670.7063,-2579.2905
0.466,8656.731,-6970.0576,732.08057,1749.3108,-1216.1615,1740.0854,-104.73236,-2115.9854,-553.251,1104.641,-3578.4705,2253.7747,-3881.3684,670.5505,-2579.2888
0.467,8656.854,-6969.8506,732.44,1749.3711,-1216.6979,1740.1106,-104.791534,-2116.0757,-553.25494,1104.6578,-3578.4753,2253.8723,-3881.2593,670.39417,-2579.2874
0.468,8656.976,-6969.6436,732.79895,1749.4314,-1217.2341,1740.1359,-104.85091,-2116.1658,-553.2588,1104.6747,-3578.48,2253.9697,-3881.1497,670.23785,-2579.2856
0.469,8657.098,-6969.437,733.1584,1749.4916,-1217.7706,1740.1611,-104.90998,-2116.2563,-553.2627,1104.6917,-3578.4846,2254.0671,-3881.0408,670.0818,-2579.284
0.47,8657.22,-6969.2295,733.51776,1749.5518,-1218.3063,1740.1864,-104.96925,-2116.3467,-553.26666,1104.7085,-3578.4895,2254.1646,-3880.9314,669.92554,-2579.2822
0.471,8657.342,-6969.0225,733.8764,1749.6119,-1218.8418,1740.2115,-105.02842,-2116.4368,-553.27057,1104.7252,-3578.4941,2254.262,-3880.822,669.7697,-2579.2805
0.472,8657.464,-6968.8154,734.23553,1749.672,-1219.3782,1740.2368,-105.08759,-2116.527,-553.2744,1104.7422,-3578.4988,2254.3594,-3880.7131,669.6138,-2579.279
0.473,8657.585,-6968.6084,734.5945,1749.7325,-1219.9142,1740.2621,-105.14667,-2116.6177,-553.2784,1104.759,-3578.5034,2254.4568,-3880.6038,669.45746,-2579.2773
0.474,8657.707,-6968.4014,734.9539,1749.7925,-1220.4506,1740.2874,-105.20594,-2116.708,-553.2823,1104.776,-3578.508,2254.5544,-3880.4946,669.3015,-2579.2756
0.475,8657.829,-6968.194,735.313,1749.8528,-1220.9861,1740.3125,-105.26521,-2116.7983,-553.28625,1104.7927,-3578.513,2254.6516,-3880.3853,669.1453,-2579.274
0.476,8657.951,-6967.9873,735.6723,1749.9131,-1221.5226,1740.3378,-105.32428,-2116.889,-553.29016,1104.8097,-3578.5176,2254.7493,-3880.2761,668.9894,-2579.2722
0.477,8658.073,-6967.7803,736.03125,1749.9733,-1222.0591,1740.363,-105.38355,-2116.9792,-553.294,1104.8265,-3578.5222,2254.8467,-3880.1667,668.83344,-2579.2705
0.478,8658.195,-6967.5737,736.39026,1750.0336,-1222.5948,1740.3883,-105.44263,-2117.0693,-553.298,1104.8434,-3578.5269,2254.9436,-3880.0576,668.6768,-2579.269
0.479,8658.316,-6967.366,736.74945,1750.0936,-1223.1306,1740.4135,-105.5019,-2117.16,-553.3019,1104.8602,-3578.5317,2255.0413,-3879.9482,668.5211,-2579.2673
0.48,8658.438,-6967.159,737.1084,1750.1538,-1223.6667,1740.4387,-105.56107,-2117.2502,-553.30585,1104.8771,-3578.5364,2255.139,-3879.8389,668.36456,-2579.2656
0.481,8658.561,-6966.9526,737.46783,1750.2141,-1224.2031,1740.4639,-105.62014,-2117.3408,-553.3098,1104.894,-3578.541,2255.236,-3879.7302,668.20886,-2579.264
0.482,8658.683,-6966.745,737.8269,1750.2743,-1224.739,1740.4891,-105.67972,-2117.431,-553.31366,1104.9109,-3578.5457,2255.3335,-3879.6208,668.0528,-2579.2622
0.483,8658.805,-6966.538,738.1862,1750.3345,-1225.2748,1740.5144,-105.738785,-2117.5212,-553.3176,1104.9277,-3578.5503,2255.431,-3879.5115,667.8964,-2579.2607
0.484,8658.927,-6966.331,738.54517,1750.3949,-1225.8112,1740.5396,-105.79776,-2117.6118,-553.32153,1104.9446,-3578.5552,2255.5283,-3879.402,667.7408,-2579.259
0.485,8659.048,-6966.124,738.9042,1750.4551,-1226.3477,1740.5648,-105.85713,-2117.7021,-553.32544,1104.9614,-3578.5598,2255.626,-3879.293,667.58405,-2579.2573
0.486,8659.17,-6965.9175,739.26337,1750.5154,-1226.8828,1740.5901,-105.91611,-2117.7925,-553.3293,1104.9783,-3578.5642,2255.7231,-3879.1836,667.42847,-2579.2556
0.487,8659.292,-6965.7104,739.6223,1750.5754,-1227.4193,1740.6154,-105.97537,-2117.8826,-553.3333,1104.9951,-3578.5693,2255.8203,-3879.0747,667.27216,-2579.254
0.488,8659.414,-6965.5034,739.9812,1750.6357,-1227.9553,1740.6405,-106.034546,-2117.973,-553.33716,1105.012,-3578.574,2255.9177,-3878.965,667.1162,-2579.2522
0.489,8659.536,-6965.2964,740.3405,1750.6958,-1228.4912,1740.6658,-106.09382,-2118.0632,-553.3411,1105.0288,-3578.5784,2256.0151,-3878.8562,666.96014,-2579.2507
0.49,8659.658,-6965.0894,740.70013,1750.7561,-1229.0277,1740.691,-106.15299,-2118.1533,-553.34503,1105.0457,-3578.5835,2256.1128,-3878.7468,666.8038,-2579.249
0.491,8659.779,-6964.882,741.0588,1750.8163,-1229.5635,1740.7163,-106.21207,-2118.244,-553.34894,1105.0626,-3578.5881,2256.2102,-3878.6377,666.6478,-2579.2473
0.492,8659.901,-6964.675,741.4184,1750.8766,-1230.0996,1740.7415,-106.27124,-2118.3342,-553.3529,1105.0795,-3578.5928,2256.3076,-3878.5286,666.49176,-2579.2456
0.493,8660.023,-6964.4688,741.7773,1750.9366,-1230.6355,1740.7667,-106.330505,-2118.4248,-553.3567,1105.0963,-3578.5977,2256.4045,-3878.4194,666.33594,-2579.244
0.494,8660.1455,-6964.2617,742.1366,1750.997,-1231.1716,1740.792,-106.38958,-2118.5151,-553.3607,1105.1132,-3578.602,2256.5022,-3878.31,666.1796,-2579.2424
0.495,8660.268,-6964.054,742.49524,1751.0571,-1231.7073,1740.8171,-106.44885,-2118.6057,-553.3646,1105.13,-3578.6067,2256.5996,-3878.2007,666.0237,-2579.2407
0.496,8660.389,-6963.847,742.85474,1751.1173,-1232.2434,1740.8424,-106.50793,-2118.6958,-553.3685,1105.1469,-3578.6116,2256.697,-3878.0916,665.8675,-2579.239
0.497,8660.511,-6963.64,743.2135,1751.1776,-1232.7794,1740.8676,-106.5672,-2118.7861,-553.3725,1105.1637,-3578.6162,2256.7944,-3877.9824,665.7111,-2579.2373
0.498,8660.633,-6963.433,743.5728,1751.2378,-1233.3156,1740.8928,-106.62657,-2118.8767,-553.3764,1105.1805,-3578.6208,2256.8916,-3877.8733,665.5552,-2579.2356
0.499,8660.755,-6963.2266,743.9316,1751.2979,-1233.8514,1740.9181,-106.68564,-2118.9668,-553.3803,1105.1975,-3578.6255,2256.989,-3877.764,665.3991,-2579.234
0.5,8660.877,-6963.0195,744.29065,1751.358,-1234.3871,1740.9432,-106.74471,-2119.0576,-553.3842,1105.2144,-3578.6304,2257.0867,-3877.655,665.2436,-2579.2324
0.501,8660.999,-6962.8125,744.64996,1751.4182,-1234.9237,1740.9685,-106.804085,-2119.1475,-553.3881,1105.2312,-3578.6348,2257.184,-3877.5457,665.0871,-2579.2307
0.502,8661.12,-6962.605,745.0087,1751.4785,-1235.459,1740.9938,-106.86316,-2119.2375,-553.392,1105.248,-3578.6396,2257.2812,-3877.4365,664.9313,-2579.229
0.503,8661.242,-6962.3984,745.3679,1751.5387,-1235.9954,1741.019,-106.92243,-2119.3281,-553.39606,1105.2649,-3578.644,2257.3784,-3877.3271,664.7751,-2579.2273
0.504,8661.364,-6962.1914,745.72687,1751.5989,-1236.531,1741.0442,-106.981606,-2119.4185,-553.39984,1105.2817,-3578.649,2257.4758,-3877.218,664.619,-2579.2256
0.505,8661.486,-6961.9844,746.0863,1751.659,-1237.0673,1741.0695,-107.04077,-2119.5085,-553.4038,1105.2986,-3578.6538,2257.5732,-3877.1086,664.46265,-2579.224
0.506,8661.608,-6961.7773,746.44507,1751.7194,-1237.6033,1741.0947,-107.099945,-2119.5989,-553.40765,1105.3154,-3578.6584,2257.6707,-3876.9995,664.3069,-2579.2224
0.507,8661.7295,-6961.5703,746.8047,1751.7797,-1238.1395,1741.1199,-107.15912,-2119.6892,-553.41156,1105.3324,-3578.663,2257.7678,-3876.8904,664.15063,-2579.2207
0.508,8661.852,-6961.3633,747.1633,1751.8396,-1238.675,1741.1451,-107.21839,-2119.7795,-553.41565,1105.3491,-3578.6677,2257.8655,-3876.7812,663.99457,-2579.219
0.509,8661.974,-6961.1567,747.5223,1751.8999,-1239.2108,1741.1704,-107.277466,-2119.87,-553.41943,1105.3661,-3578.6724,2257.9626,-3876.6719,663.83875,-2579.2173
0.51,8662.095,-6960.9497,747.8813,1751.9601,-1239.7467,1741.1956,-107.33663,-2119.9604,-553.4234,1105.3829,-3578.6772,2258.06,-3876.5627,663.6828,-2579.2156
0.511,8662.217,-6960.7427,748.2405,1752.0204,-1240.2826,1741.2208,-107.395805,-2120.0505,-553.42725,1105.3998,-3578.682,2258.1575,-3876.4536,663.5266,-2579.214
0.512,8662.339,-6960.535,748.59955,1752.0804,-1240.8186,1741.2461,-107.45498,-2120.1409,-553.4312,1105.4166,-3578.6865,2258.255,-3876.3442,663.3704,-2579.2124
0.513,8662.461,-6960.3286,748.9583,1752.1406,-1241.3545,1741.2712,-107.51415,-2120.231,-553.4351,1105.4335,-3578.6912,2258.3523,-3876.2349,663.2145,-2579.2107
0.514,8662.583,-6960.121,749.3175,1752.2008,-1241.8906,1741.2965,-107.573326,-2120.321,-553.4389,1105.4503,-3578.6958,2258.4495,-3876.126,663.0584,-2579.209
0.515,8662.705,-6959.9146,749.6764,1752.2611,-1242.4264,1741.3218,-107.63259,-2120.4116,-553.4429,1105.4672,-3578.7007,2258.5469,-3876.0166,662.90234,-2579.2073
0.516,8662.826,-6959.7075,750.03546,1752.3212,-1242.962,1741.347,-107.691864,-2120.502,-553.4468,1105.484,-3578.705,2258.6443,-3875.9075,662.7461,-2579.2056
0.517,8662.948,-6959.5005,750.3948,1752.3815,-1243.4984,1741.3722,-107.75104,-2120.5925,-553.45074,1105.5009,-3578.71,2258.7417,-3875.7983,662.5903,-2579.204
0.518,8663.07,-6959.2935,750.7536,1752.4417,-1244.0344,1741.3975,-107.81001,-2120.6829,-553.45465,1105.5177,-3578.7146,2258.8386,-3875.689,662.4343,-2579.2024
0.519,8663.192,-6959.0864,751.1125,1752.5017,-1244.5701,1741.4226,-107.86919,-2120.773,-553.4585,1105.5345,-3578.7192,2258.9358,-3875.5798,662.27826,-2579.2007
0.52,8663.314,-6958.8794,751.47156,1752.562,-1245.1058,1741.4479,-107.92845,-2120.863,-553.4624,1105.5514,-3578.7239,2259.0332,-3875.4707,662.1223,-2579.199
0.521,8663.436,-6958.6724,751.83057,1752.6222,-1245.6417,1741.473,-107.987526,-2120.9536,-553.4664,1105.5682,-3578.7288,2259.1306,-3875.3613,661.9661,-2579.1973
0.522,8663.558,-6958.466,752.1895,1752.6824,-1246.1776,1741.4983,-108.0468,-2121.044,-553.47034,1105.5852,-3578.7334,2259.2283,-3875.2524,661.81006,-2579.1956
0.523,8663.68,-6958.2583,752.5486,1752.7426,-1246.7134,1741.5236,-108.10607,-2121.1338,-553.47406,1105.602,-3578.738,2259.3254,-3875.143,661.654,-2579.1938
0.524,8663.802,-6958.0522,752.9075,1752.8027,-1247.2489,1741.5487,-108.165245,-2121.2244,-553.478,1105.6189,-3578.7427,2259.4226,-3875.034,661.4979,-2579.1924
0.525,8663.923,-6957.8447,753.26654,1752.8629,-1247.7849,1741.574,-108.22442,-2121.3145,-553.48193,1105.6357,-3578.7473,2259.52,-3874.9246,661.3421,-2579.1907
0.526,8664.045,-6957.6377,753.62573,1752.9231,-1248.3212,1741.5992,-108.283585,-2121.405,-553.48584,1105.6525,-3578.752,2259.6174,-3874.8154,661.18585,-2579.189
0.527,8664.167,-6957.4307,753.9845,1752.9832,-1248.8566,1741.6244,-108.34276,-2121.495,-553.4897,1105.6694,-3578.7566,2259.7144,-3874.7063,661.02966,-2579.1873
0.528,8664.289,-6957.224,754.34357,1753.0433,-1249.3923,1741.6497,-108.40193,-2121.5854,-553.49365,1105.6863,-3578.7615,2259.812,-3874.5974,660.8737,-2579.1855
0.529,8664.41,-6957.0166,754.7026,1753.1036,-1249.9286,1741.6749,-108.461006,-2121.6758,-553.49756,1105.7031,-3578.766,2259.9094,-3874.488,660.7178,-2579.184
0.53,8664.532,-6956.81,755.06165,1753.1638,-1250.4642,1741.7001,-108.52038,-2121.7659,-553.5014,1105.72,-3578.7708,2260.0068,-3874.379,660.56195,-2579.1824
0.531,8664.654,-6956.603,755.4206,1753.2239,-1251.0001,1741.7253,-108.579445,-2121.8564,-553.50543,1105.7368,-3578.7756,2260.1042,-3874.2695,660.4059,-2579.1807
0.532,8664.776,-6956.3955,755.7795,1753.2839,-1251.5363,1741.7506,-108.63882,-2121.9465,-553.5093,1105.7537,-3578.7803,2260.2012,-3874.1604,660.24945,-2579.179
0.533,8664.898,-6956.189,756.13855,1753.3442,-1252.0719,1741.7758,-108.69779,-2122.037,-553.5131,1105.7705,-3578.785,2260.2986,-3874.0513,660.0939,-2579.1772
0.534,8665.02,-6955.982,756.4973,1753.4044,-1252.608,1741.801,-108.757164,-2122.1272,-553.517,1105.7874,-3578.7896,2260.3958,-3873.9421,659.93756,-2579.1755
0.535,8665.142,-6955.775,756.8565,1753.4645,-1253.1433,1741.8263,-108.81614,-2122.2178,-553.52094,1105.8042,-3578.7942,2260.4932,-3873.8328,659.78174,-2579.174
0.536,8665.264,-6955.568,757.2157,1753.5248,-1253.6797,1741.8514,-108.87541,-2122.3076,-553.52484,1105.821,-3578.799,2260.5903,-3873.7236,659.62537,-2579.1724
0.537,8665.386,-6955.3613,757.57446,1753.585,-1254.215,1741.8767,-108.93448,-2122.3982,-553.52875,1105.8379,-3578.8035,2260.6877,-3873.6145,659.4697,-2579.1707
0.538,8665.507,-6955.154,757.93353,1753.645,-1254.7511,1741.9019,-108.99385,-2122.4883,-553.53265,1105.8547,-3578.808,2260.785,-3873.5054,659.3135,-2579.169
0.539,8665.629,-6954.947,758.2923,1753.7052,-1255.2864,1741.9271,-109.052925,-2122.5784,-553.5366,1105.8716,-3578.813,2260.882,-3873.3962,659.1573,-2579.1672
0.54,8665.751,-6954.7397,758.6515,1753.7654,-1255.8225,1741.9523,-109.1122,-2122.669,-553.54047,1105.8884,-3578.8176,2260.9795,-3873.2869,659.00134,-2579.1655
0.541,8665.873,-6954.533,759.0108,1753.8257,-1256.3585,1741.9775,-109.17137,-2122.7588,-553.5443,1105.9053,-3578.8223,2261.077,-3873.1777,658.8454,-2579.164
0.542,8665.995,-6954.3267,759.3692,1753.8857,-1256.8939,1742.0028,-109.23044,-2122.8494,-553.5482,1105.9221,-3578.8271,2261.1743,-3873.0686,658.68945,-2579.1624
0.543,8666.116,-6954.119,759.7281,1753.946,-1257.4299,1742.0281,-109.28961,-2122.9397,-553.5523,1105.939,-3578.8318,2261.2715,-3872.9595,658.5335,-2579.1606
0.544,8666.238,-6953.9126,760.0873,1754.006,-1257.9653,1742.0532,-109.348785,-2123.0295,-553.5561,1105.9558,-3578.8364,2261.3687,-3872.8503,658.3772,-2579.159
0.545,8666.36,-6953.7056,760.44617,1754.0662,-1258.5011,1742.0785,-109.40796,-2123.12,-553.55994,1105.9727,-3578.841,2261.4658,-3872.7412,658.22125,-2579.1572
0.546,8666.481,-6953.4985,760.805,1754.1263,-1259.0364,1742.1036,-109.467026,-2123.2102,-553.56384,1105.9895,-3578.8457,2261.5632,-3872.6318,658.06555,-2579.1555
0.547,8666.604,-6953.292,761.164,1754.1865,-1259.5724,1742.1289,-109.5263,-2123.3003,-553.5677,1106.0063,-3578.8503,2261.6604,-3872.523,657.9095,-2579.154
0.548,8666.726,-6953.0845,761.52295,1754.2466,-1260.1084,1742.1542,-109.58547,-2123.3906,-553.5716,1106.0232,-3578.8552,2261.7578,-3872.4133,657.75354,-2579.1523
0.549,8666.848,-6952.8774,761.882,1754.3069,-1260.6445,1742.1794,-109.644745,-2123.481,-553.57556,1106.04,-3578.8599,2261.8552,-3872.3044,657.59717,-2579.1506
0.55,8666.969,-6952.671,762.2408,1754.3671,-1261.1796,1742.2046,-109.70392,-2123.571,-553.57947,1106.0569,-3578.8643,2261.9524,-3872.1953,657.44165,-2579.149
0.551,8667.091,-6952.464,762.59955,1754.4271,-1261.7153,1742.2297,-109.76309,-2123.6614,-553.5833,1106.0737,-3578.8691,2262.0496,-3872.086,657.2857,-2579.1472
0.552,8667.213,-6952.257,762.9583,1754.4873,-1262.2511,1742.255,-109.82216,-2123.7515,-553.5872,1106.0906,-3578.8738,2262.1467,-3871.9768,657.12946,-2579.1455
0.553,8667.335,-6952.05,763.31726,1754.5474,-1262.787,1742.2803,-109.88143,-2123.8418,-553.59106,1106.1074,-3578.8784,2262.244,-3871.8677,656.97327,-2579.1438
0.554,8667.456,-6951.843,763.6767,1754.6075,-1263.323,1742.3055,-109.940506,-2123.9321,-553.59503,1106.1244,-3578.883,2262.3413,-3871.7585,656.8172,-2579.1423
0.555,8667.578,-6951.636,764.03534,1754.6677,-1263.8586,1742.3307,-109.99998,-2124.0222,-553.59894,1106.1411,-3578.8877,2262.4387,-3871.6492,656.66113,-2579.1406
0.556,8667.7,-6951.4287,764.39465,1754.7279,-1264.3943,1742.356,-110.05905,-2124.1128,-553.6028,1106.158,-3578.8923,2262.536,-3871.54,656.50507,-2579.139
0.557,8667.822,-6951.222,764.7533,1754.7881,-1264.9297,1742.3811,-110.118126,-2124.2024,-553.6067,1106.1748,-3578.8972,2262.633,-3871.431,656.34937,-2579.1372
0.558,8667.943,-6951.015,765.11224,1754.8483,-1265.4656,1742.4064,-110.17719,-2124.293,-553.6106,1106.1917,-3578.9019,2262.7302,-3871.322,656.1934,-2579.1355
0.559,8668.065,-6950.808,765.4707,1754.9083,-1266.0012,1742.4315,-110.236465,-2124.383,-553.6145,1106.2085,-3578.9065,2262.8274,-3871.2126,656.0376,-2579.1338
0.56,8668.1875,-6950.601,765.8302,1754.9685,-1266.5369,1742.4568,-110.29564,-2124.4736,-553.61835,1106.2253,-3578.9114,2262.9248,-3871.1035,655.8814,-2579.1323
0.561,8668.31,-6950.394,766.18884,1755.0286,-1267.0728,1742.4819,-110.35481,-2124.5635,-553.62225,1106.2422,-3578.9158,2263.0217,-3870.9944,655.72546,-2579.1306
0.562,8668.431,-6950.187,766.5476,1755.0887,-1267.6085,1742.5072,-110.414085,-2124.6538,-553.62616,1106.259,-3578.9204,2263.1191,-3870.8853,655.5693,-2579.129
0.563,8668.553,-6949.9805,766.90656,1755.1489,-1268.144,1742.5323,-110.47326,-2124.7437,-553.63,1106.2759,-3578.9253,2263.2166,-3870.7761,655.41345,-2579.1272
0.564,8668.675,-6949.7734,767.26544,1755.209,-1268.6793,1742.5576,-110.53223,-2124.8342,-553.6339,1106.2927,-3578.93,2263.3137,-3870.667,655.2576,-2579.1255
0.565,8668.797,-6949.5664,767.6243,1755.2692,-1269.215,1742.5829,-110.5915,-2124.9243,-553.6378,1106.3096,-3578.9346,2263.411,-3870.5579,655.10144,-2579.1238
0.566,8668.918,-6949.36,767.9834,1755.3293,-1269.7505,1742.608,-110.65077,-2125.0146,-553.64166,1106.3264,-3578.9392,2263.5083,-3870.4485,654.9455,-2579.1223
0.567,8669.04,-6949.153,768.34204,1755.3895,-1270.2864,1742.6333,-110.70985,-2125.1042,-553.6456,1106.3433,-3578.9438,2263.6055,-3870.3396,654.78955,-2579.1206
0.568,8669.162,-6948.9463,768.7007,1755.4495,-1270.8221,1742.6586,-110.76912,-2125.195,-553.64954,1106.3601,-3578.9485,2263.7026,-3870.2305,654.6337,-2579.119
0.569,8669.283,-6948.739,769.0599,1755.5098,-1271.3579,1742.6837,-110.828384,-2125.2856,-553.65344,1106.377,-3578.9534,2263.7998,-3870.121,654.4775,-2579.1172
0.57,8669.405,-6948.5317,769.41895,1755.5698,-1271.8934,1742.709,-110.88746,-2125.3752,-553.6573,1106.3938,-3578.958,2263.8967,-3870.0117,654.32117,-2579.1155
0.571,8669.527,-6948.3247,769.7776,1755.63,-1272.429,1742.7341,-110.94653,-2125.4656,-553.6611,1106.4106,-3578.9624,2263.9944,-3869.903,654.1657,-2579.1138
0.572,8669.649,-6948.1177,770.1365,1755.6901,-1272.9646,1742.7594,-111.005806,-2125.5557,-553.66504,1106.4275,-3578.9673,2264.0913,-3869.7937,654.0094,-2579.1123
0.573,8669.7705,-6947.911,770.49524,1755.7502,-1273.5001,1742.7847,-111.06487,-2125.646,-553.6689,1106.4443,-3578.972,2264.1887,-3869.6846,653.8538,-2579.1106
0.574,8669.893,-6947.7036,770.8543,1755.8103,-1274.0363,1742.8098,-111.124245,-2125.736,-553.6729,1106.4612,-3578.9766,2264.2861,-3869.5754,653.6975,-2579.109
0.575,8670.015,-6947.497,771.2128,1755.8705,-1274.5715,1742.8351,-111.18332,-2125.8262,-553.67676,1106.478,-3578.9814,2264.3833,-3869.4663,653.5417,-2579.1072
0.576,8670.137,-6947.29,771.5717,1755.9305,-1275.1066,1742.8602,-111.242294,-2125.9163,-553.6806,1106.4948,-3578.986,2264.4802,-3869.3572,653.38574,-2579.1055
0.577,8670.258,-6947.083,771.93054,1755.9907,-1275.6425,1742.8855,-111.301765,-2126.0066,-553.6845,1106.5116,-3578.9905,2264.5774,-3869.248,653.22955,-2579.1038
0.578,8670.38,-6946.8765,772.2892,1756.0509,-1276.1774,1742.9106,-111.36073,-2126.0972,-553.6885,1106.5284,-3578.995,2264.6746,-3869.1387,653.07385,-2579.102
0.579,8670.502,-6946.6694,772.6478,1756.111,-1276.7133,1742.9359,-111.420006,-2126.1873,-553.6923,1106.5453,-3579.0,2264.7722,-3869.0295,652.91815,-2579.1006
0.58,8670.623,-6946.463,773.0074,1756.1711,-1277.249,1742.961,-111.47918,-2126.2776,-553.6961,1106.5621,-3579.0046,2264.8691,-3868.9207,652.7617,-2579.0989
0.581,8670.745,-6946.2554,773.36566,1756.2312,-1277.7845,1742.9863,-111.53835,-2126.3672,-553.7001,1106.579,-3579.0095,2264.9663,-3868.8113,652.60614,-2579.0972
0.582,8670.867,-6946.049,773.72424,1756.2913,-1278.3198,1743.0115,-111.59753,-2126.4573,-553.704,1106.5958,-3579.0142,2265.0635,-3868.7021,652.4498,-2579.0955
0.583,8670.988,-6945.8413,774.0836,1756.3514,-1278.8561,1743.0367,-111.6567,-2126.5476,-553.70795,1106.6127,-3579.0188,2265.1606,-3868.5933,652.294,-2579.0938
0.584,8671.11,-6945.635,774.4425,1756.4117,-1279.3912,1743.062,-111.71577,-2126.638,-553.71173,1106.6295,-3579.0232,2265.258,-3868.484,652.13806,-2579.092
0.585,8671.232,-6945.428,774.8013,1756.4717,-1279.9271,1743.0872,-111.77504,-2126.728,-553.7156,1106.6464,-3579.028,2265.355,-3868.3748,651.98175,-2579.0903
0.586,8671.3545,-6945.2207,775.1601,1756.5319,-1280.4626,1743.1124,-111.83421,-2126.818,-553.7195,1106.6632,-3579.0325,2265.4524,-3868.2656,651.82605,-2579.0889
0.587,8671.476,-6945.0137,775.51855,1756.592,-1280.998,1743.1376,-111.89329,-2126.9082,-553.7234,1106.68,-3579.0374,2265.5496,-3868.1565,651.6701,-2579.0872
0.588,8671.598,-6944.807,775.8776,1756.6521,-1281.5334,1743.1628,-111.95256,-2126.9985,-553.72723,1106.6969,-3579.042,2265.6465,-3868.0474,651.5143,-2579.0854
0.589,8671.72,-6944.6,776.236,1756.7122,-1282.0688,1743.1881,-112.01173,-2127.0886,-553.7311,1106.7137,-3579.0466,2265.744,-3867.9382,651.3582,-2579.0837
0.59,8671.841,-6944.393,776.59546,1756.7723,-1282.6045,1743.2133,-112.0709,-2127.1787,-553.735,1106.7305,-3579.0513,2265.8408,-3867.8289,651.2023,-2579.082
0.591,8671.963,-6944.186,776.954,1756.8324,-1283.1396,1743.2384,-112.129974,-2127.2693,-553.73883,1106.7473,-3579.056,2265.938,-3867.72,651.0468,-2579.0803
0.592,8672.085,-6943.9795,777.31244,1756.8925,-1283.6752,1743.2637,-112.18905,-2127.3591,-553.7427,1106.7642,-3579.0605,2266.0354,-3867.6108,650.8906,-2579.0789
0.593,8672.206,-6943.7725,777.6715,1756.9525,-1284.2106,1743.289,-112.248314,-2127.4495,-553.7465,1106.781,-3579.0654,2266.1323,-3867.5017,650.7347,-2579.0771
0.594,8672.328,-6943.5654,778.03046,1757.0128,-1284.7467,1743.3141,-112.30759,-2127.5393,-553.75055,1106.7979,-3579.07,2266.2297,-3867.3926,650.57874,-2579.0754
0.595,8672.45,-6943.3594,778.3888,1757.0728,-1285.2816,1743.3394,-112.36676,-2127.6296,-553.75446,1106.8147,-3579.0747,2266.3267,-3867.2837,650.42267,-2579.0737
0.596,8672.572,-6943.152,778.74786,1757.1329,-1285.8173,1743.3646,-112.425934,-2127.7197,-553.75824,1106.8314,-3579.0796,2266.4238,-3867.1743,650.2666,-2579.072
0.597,8672.693,-6942.945,779.1065,1757.1931,-1286.3523,1743.3898,-112.48501,-2127.8098,-553.7621,1106.8483,-3579.084,2266.5208,-3867.0652,650.111,-2579.0703
0.598,8672.815,-6942.7383,779.4656,1757.253,-1286.8883,1743.4149,-112.544174,-2127.9001,-553.7659,1106.8652,-3579.0886,2266.6182,-3866.956,649.95496,-2579.0686
0.599,8672.9375,-6942.531,779.8242,1757.3134,-1287.4233,1743.4402,-112.60325,-2127.9902,-553.7699,1106.882,-3579.0933,2266.7153,-3866.847,649.7989,-2579.0671
0.6,8673.059,-6942.324,780.183,1757.3733,-1287.9595,1743.4653,-112.66262,-2128.0803,-553.77374,1106.8988,-3579.0981,2266.8123,-3866.7378,649.64307,-2579.0654
